0,补邮费专用&lt;海报筒3元&gt;,https://si.geilicdn.com/pcitem901564789785-5d7b000001840f8aeb330a20e2c5_1221_1221.jpg.webp?w=640&h=640&cp=1,包邮,￥,1,,,积分专享,￥null,122430
1,【七站联合/2.22截止】ITZY - The 2nd FM官方周边【全款直邮】,https://si.geilicdn.com/pcitem901564789785-2727000001862f559ef70a2313c4_1200_1200.jpg.webp?w=640&h=640&cp=1,,￥,0,0.01,,积分专享,￥null,
2,【6张一套预定/3.3截止】NewJeans - 1st EP [New Jeans]【全款直邮】,https://si.geilicdn.com/pcitem901564789785-1db7000001823378247d0a2313a2_1024_1024.jpg.webp?w=640&h=640&cp=1,,￥,51,,,积分专享,￥null,48143
3,IVE &lt;The Prom Queens&gt;场周【全款直邮】,https://si.geilicdn.com/pcitem901564789785-6ca600000185ec92e5970a23056b_900_900.jpg.webp?w=640&h=640&cp=1,,￥,35,,,积分专享,￥null,
4,SEVENTEEN 旧专合集 【全款直邮】,https://si.geilicdn.com/pcitem901564789785-46b800000183a76cb4ef0a2313c4_1200_1200.jpg.webp?w=640&h=640&cp=1,,￥,45,,,积分专享,￥null,40938
5,【2.12截止】2023 SM 艺人 台历周边【全款直邮】,https://si.geilicdn.com/pcitem901564789785-67bd000001861ba88afb0a813470_1200_1200.jpg.webp?w=640&h=640&cp=1,,￥,72,,,积分专享,￥null,
6,【1.2截止】NCT DREAM - Candy官方周边【全款直邮】,https://si.geilicdn.com/pcitem901564789785-76df000001855c83618b0a2313c4_680_680.jpg.webp?w=640&h=640&cp=1,,￥,28,,,积分专享,￥null,22312
7,【7.20更新 换单可查询】圆通换单补运费专拍,https://si.geilicdn.com/pcitem901564789785-6635000001804a9c83580a231179_1200_1200.jpg.webp?w=640&h=640&cp=1,包邮,￥,1,,,积分专享,￥null,20983
8,【韩国现货】2022 SM 艺人 台历相片套装【全款直邮】,https://si.geilicdn.com/pcitem901564789785-35ec0000017ec3e47fd00a20e284_1200_1200.jpg.webp?w=640&h=640&cp=1,,￥,60,,,积分专享,￥null,19258
9,【二批官方5月底发货/送满额卡】aespa-Come to MY illusion官方周边【全款直邮】,https://si.geilicdn.com/pcitem901564789785-00a000000186921171640a2301a5_961_1024.jpg.webp?w=640&h=640&cp=1,新品,￥,0,0.01,,积分专享,￥null,
10,NewJeans - 'OMG'【全款直邮】,https://si.geilicdn.com/pcitem901564789785-271b00000185700d2ed20a22b3e4_450_450.jpg.webp?w=640&h=640&cp=1,,￥,49,,,积分专享,￥null,18219
11,BLACKPINK - 专辑/台历合集【全款直邮】,https://si.geilicdn.com/pcitem901564789785-60610000017b82c91f210a20e35c_2448_2446.jpg.webp?w=640&h=640&cp=1,,￥,69,,,积分专享,￥null,13188
12,【2.24截止】aespa演唱会’SYNK : HYPER LINE‘官方周边【全款直邮】,https://si.geilicdn.com/pcitem901740208237-2df7000001865902577e0a22b3e4_1200_1200.jpg.webp?w=640&h=640&cp=1,新品,￥,20,,,积分专享,￥null,
13,TXT - 专辑合集【全款直邮】,https://si.geilicdn.com/pcitem901564789785-20d000000184d1ec5ddc0a20e7c7_1200_1200.jpg.webp?w=640&h=640&cp=1,,￥,47,,,积分专享,￥null,13037
14,2021 WINTER SMTOWN : SMCU EXPRESS 【版本可选】【全款直邮】,https://si.geilicdn.com/pcitem901564789785-62710000017dead071ff0a22e17f_1200_1200.jpg.webp?w=640&h=640&cp=1,,￥,56,,,积分专享,￥null,9912
15,STRAY KIDS 专辑合集【全款直邮】,https://si.geilicdn.com/pcitem901564789785-7c2b000001858a364ae30a22d246_1200_1200.jpg.webp?w=640&h=640&cp=1,,￥,53,,,积分专享,￥null,9780
16,ITZY - CHESHIRE STANDARD【全款直邮】,https://si.geilicdn.com/wdseller901564789785-423d0000018495c77e5c0a20e35c_450_450.jpg.webp?w=640&h=640&cp=1,,￥,54,,,积分专享,￥null,9422
17,AESPA - GIRLS (2ND MINI专辑) 【全款直邮】,https://si.geilicdn.com/pcitem901564789785-7f5e00000181b81929f30a231418_2048_2048.jpg.webp?w=640&h=640&cp=1,,￥,52,,,积分专享,￥null,8007
18,【YES24幸运卡特典】aespa 2023演唱会特别活动【全款直邮】,https://si.geilicdn.com/pcitem901564789785-12a60000018683d94cc60a230368-unadjust_1916_1630.png.webp?w=640&h=640&cp=1&sd=5,新品,￥,90,,,积分专享,￥null,6741
19,ITZY - CHECKMATE STANDARD EDITION 【全款直邮】,https://si.geilicdn.com/pcitem901564789785-693200000181c743d0a90a20e273_900_900.jpg.webp?w=640&h=640&cp=1,,￥,54,,,积分专享,￥null,6541
20,【韩国现货】NCT 127/NCT DREAM/WAYV - Earthquake/Dreaming/Miracle 官方周边【全款直邮】,https://si.geilicdn.com/pcitem901564789785-2de20000017deb767e4f0a20e2c5_1200_1200.jpg.webp?w=640&h=640&cp=1,,￥,28,,,积分专享,￥null,6471
21,【韩国现货】XR LIVE NCT DREAM SPECIAL EVENT : DREAM CINEMA 官方周边【全款直邮】,https://si.geilicdn.com/pcitem901564789785-4c150000017c5f4b4d990a20e284_600_600.jpg.webp?w=640&h=640&cp=1,,￥,1,,,积分专享,￥null,6191
22,BTS - 专辑合集【全款直邮】,https://si.geilicdn.com/pcitem901564789785-7e280000017aff8fbc4f0a20e7c7_2448_2446.jpg.webp?w=640&h=640&cp=1,,￥,50,,,积分专享,￥null,6102
23,【韩国现货】NCT DREAM - [Glitch Mode] 官方周边【全款直邮】,https://si.geilicdn.com/pcitem901564789785-3fe3000001806af4f66d0a813276_2286_2286.jpg.webp?w=640&h=640&cp=1,,￥,22,,,积分专享,￥null,6012
24,NCT DREAM - STARRY DAYDREAM官方周边【全款直邮】,https://si.geilicdn.com/pcitem901564789785-13c000000185e2a8cc1e0a20e7c7_1200_1200.jpg.webp?w=640&h=640&cp=1,,￥,45,,,积分专享,￥null,5967
25,NCT 127- Ay-Yo官方周边【全款直邮】,https://si.geilicdn.com/pcitem901564789785-49dd000001863e5fe5240a20e35c_680_680.jpg.webp?w=640&h=640&cp=1,,￥,28,,,积分专享,￥null,5734
26,【物流单号可查询】SM艺人 - 2023官方台历 SJ/少女时代/SHINee/EXO/Red Velvet/NCT 127/NCT Dream/WAYV/aespa 【全款直邮】,https://si.geilicdn.com/pcitem901564789785-4900000001845bf684b90a2301a5_680_680.jpg.webp?w=640&h=640&cp=1,,￥,188,,,积分专享,￥null,5041
27,物流单号可查询【一轮】SMTOWN LIVE 2022 : SMCU EXPRESS @ HUMAN CITY_SUWON 1 【全款直邮】,https://si.geilicdn.com/pcitem901564789785-7205000001828fad1b0b0a231179_800_800.jpg.webp?w=640&h=640&cp=1,,￥,18,,,积分专享,￥null,4877
28,【物流单号可查询】NCT DREAM - 'DREAM LAUNDRY SHOP']【全款直邮】,https://si.geilicdn.com/pcitem901564789785-0f0900000183d4c7bf270a2313e0_1050_1050.jpg.webp?w=640&h=640&cp=1,,￥,32,,,积分专享,￥null,4857
29,【物流单号可查询】aespa - Girls官方周边【全款直邮】,https://si.geilicdn.com/pcitem901564789785-7c6200000182f93e79b20a231179_1200_1200.jpg.webp?w=640&h=640&cp=1,,￥,22,,,积分专享,￥null,4629
30,aespa - Savage (1ST 迷你专辑)【全款直邮】「版本可选」,https://si.geilicdn.com/pcitem901564789785-36720000017be3d263b90a20e672_450_450.jpg.webp?w=640&h=640&cp=1,,￥,86,,,积分专享,￥null,4537
31,【物流单号可查询】aespa - 2周年 官方周边【全款直邮】,https://si.geilicdn.com/pcitem901564789785-53dd0000018483794af30a231273_1200_1200.jpg.webp?w=640&h=640&cp=1,,￥,28,,,积分专享,￥null,4485
32,BLACKPINK - 2nd ALBUM [BORN PINK] 【全款直邮】,https://si.geilicdn.com/pcitem901564789785-6f30000001828acd021b0a23132e_1500_1500.jpg.webp?w=640&h=640&cp=1,,￥,84,,,积分专享,￥null,4463
33,【韩国现货】NCT DREAM -  'HOT!SUMMER DREAM' 2nd官方周边【全款直邮】,https://si.geilicdn.com/pcitem901564789785-22bf0000017b78acca760a21146b_2448_2446.jpg.webp?w=640&h=640&cp=1,,￥,25,,,积分专享,￥null,4433
34,Red Velvet - THE REVE FESTIVAL FINALE【全款直邮】,https://si.geilicdn.com/pcitem881578129-22df00000177634cf11b0a217205-unadjust_699_699.png.webp?w=640&h=640&cp=1&sd=5,,￥,90,,,积分专享,￥null,4429
35,ITZY - 专辑合集【全款直邮】,https://si.geilicdn.com/pcitem881578129-6ba6000001853a44e61e0a2104c1_1200_1200.jpg.webp?w=640&h=640&cp=1,,￥,44,,,积分专享,￥null,4308
36,【物流单号可查询】Red Velvet - Feel My Rhythm官方周边【全款直邮】,https://si.geilicdn.com/pcitem901564789785-75d700000180bcc0d3480a207569_800_800.jpg.webp?w=640&h=640&cp=1,,￥,38,,,积分专享,￥null,4196
37,【物流单号可查询】NCT DREAM - 六周年 官方周边【全款直邮】,https://si.geilicdn.com/pcitem901564789785-0b7900000182d03842310a2102d0_1920_1920.jpg.webp?w=640&h=640&cp=1,,￥,51,,,积分专享,￥null,4172
38,【2.8截止】YENA - 1ST 首尔FM 官方周边【全款直邮】,https://si.geilicdn.com/pcitem901564789785-03850000018606a2db0c0a22b3e4_1200_1200.jpg.webp?w=640&h=640&cp=1,,￥,0,0.01,,积分专享,￥null,4075
39,TWICE-旧专合集 【全款直邮】,https://si.geilicdn.com/pcitem901564789785-491d0000018479af13140a22d246_1200_1200.jpg.webp?w=640&h=640&cp=1,,￥,55,,,积分专享,￥null,3979
40,【韩国现货】NCT 127 - 2ND TOUR 'NEO CITY : SEOUL - THE LINK'官方周边2轮【全款直邮】,https://si.geilicdn.com/pcitem901564789785-3ea00000017dbd6ccec00a22e17f_554_554.jpg.webp?w=640&h=640&cp=1,,￥,17,,,积分专享,￥null,3946
41,物流单号可查询【二轮/8.6截止】aespa - FM “MY SYNK. aespa”官方周边【全款直邮】,https://si.geilicdn.com/pcitem901564789785-05a10000018249b103f20a23034c_1200_1200.jpg.webp?w=640&h=640&cp=1,,￥,18,,,积分专享,￥null,3864
42,【售罄截止/预售特典】STAYC - YOUNG-LUV.COM【全款直邮】,https://si.geilicdn.com/wdseller901564789785-10630000018194c538270a20e35c_1170_1008.jpg.webp?w=640&h=640&cp=1,,￥,82,,,积分专享,￥null,3844
43,【WM/MP/MS预售特典】STRAY KIDS - &lt;MAXIDENT&gt;一般盘【全款直邮】,https://si.geilicdn.com/pcitem901564789785-407300000183b59ab9280a20e284_1262_1262.jpg.webp?w=640&h=640&cp=1,,￥,66,,,积分专享,￥null,3549
44,NCT DREAM - 冬季特别专辑 CANDY【全款直邮】,https://si.geilicdn.com/pcitem901564789785-4663000001859c301cb70a22d1c8_1200_1200.jpg.webp?w=640&h=640&cp=1,,￥,49,,,积分专享,￥null,3496
45,【韩国现货】NCT DREAM X PINKFONG 周边【全款直邮】预售,https://si.geilicdn.com/pcitem901564789785-7ae70000017af119f72a0a20e2c5_816_816.jpg.webp?w=640&h=640&cp=1,,￥,58,,,积分专享,￥150,3459
46,"Xdinary Heroes - Hello, world! (迷你1) 【全款直邮】",https://si.geilicdn.com/pcitem901564789785-6a6700000181adacf55a0a231418_450_450.jpg.webp?w=640&h=640&cp=1,,￥,70,,,积分专享,￥null,3340
47,【韩国现货】NCT DREAM - ONLINE FANMEETING 'HOT!SEMMER DREAM' 官方周边【全款直邮】,https://si.geilicdn.com/pcitem901564789785-6b750000017b57f651b00a20e273_2448_2446.jpg.webp?w=640&h=640&cp=1,,￥,92,,,积分专享,￥null,3326
48,【韩国现货/满额送透卡套装】语义错误 Semantic Error 官方周边【全款直邮】,https://si.geilicdn.com/pcitem901564789785-2ddd000001808850dc0f0a2313e0_2096_2096.jpg.webp?w=640&h=640&cp=1,,￥,0,0.01,,积分专享,￥null,3256
49,IVE - LOVE DIVE 单曲专辑【全款直邮】,https://si.geilicdn.com/pcitem901564789785-52990000017f96813de30a207569_450_450.jpg.webp?w=640&h=640&cp=1,,￥,70,,,积分专享,￥null,3180
50,(G)I-DLE - 专辑合集【全款直邮】,https://si.geilicdn.com/pcitem901740208237-31ec00000186a553c0af0a20e273-unadjust_853_765.png.webp?w=640&h=640&cp=1&sd=5,,￥,58,,,积分专享,￥null,3155
51,ITZY - ITZY THE 1ST ALBUM CRAZY IN LOVE SPECIAL EDITION【版本可选/全款直邮】,https://si.geilicdn.com/pcitem901564789785-1aff0000017c83fccf7e0a20e2c5_450_450.jpg.webp?w=640&h=640&cp=1,,￥,53,,,积分专享,￥null,3092
52,BSS - 1st Single Album 'SECOND WIND' 【全款直邮】,https://si.geilicdn.com/pcitem901564789785-787000000185a972ffa50a2102d0-unadjust_1440_1728.png.webp?w=640&h=640&cp=1&sd=5,,￥,48,,,积分专享,￥null,3037
53,Red Velvet - The ReVe Festival 2022 : Birthday (Cake Ver.)【全款直邮】【1月中】,https://si.geilicdn.com/pcitem901564789785-640d00000184ac984b4b0a20e2c5_450_450.jpg.webp?w=640&h=640&cp=1,,￥,113,,,积分专享,￥null,2978
54,Red Velvet - ‘The ReVe Festival 2022 - Birthday’(Digipack Ver.) 【全款直邮】,https://si.geilicdn.com/pcitem901564789785-124800000184bde5672f0a23056b_450_450.jpg.webp?w=640&h=640&cp=1,,￥,49,,,积分专享,￥null,2928
55,【全款直邮】 NCT手灯 荧光棒 【sm延期到4月份】,https://si.geilicdn.com/wdseller881578129-4a3a00000175bccb80670a21c2a8-unadjust_700_700.jpeg.webp?w=640&h=640&cp=1,,￥,215,,,积分专享,￥null,2887
56,【1.23截止】WayV - Debut 4th Anniversary官方周边【全款直邮】,https://si.geilicdn.com/pcitem901564789785-76ab00000185be02ee850a2313a2_4096_4096.jpg.webp?w=640&h=640&cp=1,,￥,50,,,积分专享,￥null,2810
57,【物流单号可查询】WAY V - 三周年 官方周边【全款直邮】,https://si.geilicdn.com/pcitem901564789785-43470000017e686522000a21146b_1200_1200.jpg.webp?w=640&h=640&cp=1,库存紧张,￥,50,,,积分专享,￥null,2798
58,【物流单号可查询】NCT DREAM - 二辑后续'Beatbox’ 官方周边 1轮【全款直邮】,https://si.geilicdn.com/pcitem901564789785-32bf00000181944660dc0a2313e0_1050_1050.jpg.webp?w=640&h=640&cp=1,库存紧张,￥,45,,,积分专享,￥null,2620
59,【韩国现货】aespa - Savage官方周边【全款直邮】,https://si.geilicdn.com/pcitem901564789785-5f1f0000017cef687a060a20e672_1200_1200.jpg.webp?w=640&h=640&cp=1,,￥,29,,,积分专享,￥null,2588
60,IU - 专辑合集【全款直邮】,https://si.geilicdn.com/pcitem901564789785-75340000017ca83c2e1f0a20e7c7_1200_1200.jpg.webp?w=640&h=640&cp=1,,￥,34,,,积分专享,￥null,2524
61,【物流单号更新】NCT 127 Baker House 官方周边【全款直邮】,https://si.geilicdn.com/pcitem901564789785-74a40000018103a9f7b40a231418_1080_1080.jpg.webp?w=640&h=640&cp=1,,￥,28,,,积分专享,￥null,2497
62,【售罄截止】TWICE - Taste of Love [全款直邮],https://si.geilicdn.com/pcitem901564789785-0bf3000001818af57c860a2313a2_450_450.jpg.webp?w=640&h=640&cp=1,,￥,80,,,积分专享,￥null,
63,【物流单号可查询】NCT 127 - 疾驰 STREET 官方周边【全款直邮】,https://si.geilicdn.com/pcitem901564789785-546000000183652735260a22d246_1456_1456.jpg.webp?w=640&h=640&cp=1,,￥,27,,,积分专享,￥null,2440
64,【2.20截止/补邮专用】SKZ盲盒活动 迷人的卡,https://si.geilicdn.com/pcitem901564789785-2ba8000001861fd5c8f50a2102d0_900_900.jpg.webp?w=640&h=640&cp=1,包邮,￥,10,,,积分专享,￥null,
65,Xdinary Heroes - Overload (2ND 迷你专辑)【全款直邮】,https://si.geilicdn.com/pcitem901564789785-12ef00000183ee556a340a231447_450_450.jpg.webp?w=640&h=640&cp=1,,￥,63,,,积分专享,￥null,2361
66,【韩国现货】Red Velvet  Queendom 官方周边【全款直邮】,https://si.geilicdn.com/pcitem901564789785-7f8f0000017c5fb88c650a20e2c5_600_600.jpg.webp?w=640&h=640&cp=1,,￥,30,,,积分专享,￥null,2360
67,2022 WINTER SMTOWN : SMCU PALACE  「Membership Card Ver.」【全款直邮】,https://si.geilicdn.com/pcitem901564789785-32e2000001853ee370680a20e7c7_450_450.jpg.webp?w=640&h=640&cp=1,,￥,42,,,积分专享,￥null,2347
68,【2轮】NCT 127- Ay-Yo官方周边【全款直邮】,https://si.geilicdn.com/pcitem901740208237-30c9000001865e04ae870a231179_1200_1200.jpg.webp?w=640&h=640&cp=1,,￥,28,,,积分专享,￥null,
69,【物流单号可查询】NCT DREAM - 二辑后续'Beatbox’ 官方周边 2轮【全款直邮】,https://si.geilicdn.com/pcitem901564789785-1b4200000181dc51f1e90a20e7c7_1200_1200.jpg.webp?w=640&h=640&cp=1,,￥,38,,,积分专享,￥null,2325
70,【韩国现货发直邮】 TWICE-随机卡 5种可选,https://si.geilicdn.com/pcitem881578129-1866000001779fadbab40a21c2a7_1000_1328.jpg.webp?w=640&h=640&cp=1,,￥,30,,,积分专享,￥null,2317
71,BLACKPINK - 2nd ALBUM [BORN PINK] DIGIPACK ver.【全款直邮】,https://si.geilicdn.com/pcitem901564789785-4a2900000183363e41040a22d246_500_500.jpg.webp?w=640&h=640&cp=1,,￥,55,,,积分专享,￥null,2163
72,RED VELVET - The ReVe Festival 2022 : Feel My Rhythm【全款直邮】,https://si.geilicdn.com/pcitem901564789785-6d390000017f92c420be0a20e672_1200_1200.jpg.webp?w=640&h=640&cp=1,,￥,82,,,积分专享,￥null,2124
73,【物流单号可查询】SM 再贩计划 Red Velvet商品合集【全款直邮】,https://si.geilicdn.com/pcitem901564789785-03a1000001817227d1660a23034c_1200_1200.jpg.webp?w=640&h=640&cp=1,,￥,45,,,积分专享,￥null,2090
74,【现货/SUM特典】NCT DREAM - [Glitch Mode]【全款直邮】,https://si.geilicdn.com/pcitem901564789785-15c50000017fb6683f670a22e17f_1080_1080.jpg.webp?w=640&h=640&cp=1,,￥,84,,,积分专享,￥null,2074
75,【封面可选】ITZY - CHECKMATE STANDARD EDITION 【全款直邮】,https://si.geilicdn.com/wdseller901565266656-6bd4000001817f5da5590a22d1c8_1170_1686.jpg.webp?w=640&h=640&cp=1,,￥,65,,,积分专享,￥null,2037
76,【物流单号可查询】WayV - Phantom官方周边【全款直邮】,https://si.geilicdn.com/pcitem901564789785-53420000018580af08050a207569_933_933.jpg.webp?w=640&h=640&cp=1,,￥,23,,,积分专享,￥null,2027
77,ENHYPEN - 专辑合集【全款直邮】,https://si.geilicdn.com/pcitem901564789785-3af00000017bf43e1df30a20e273_1200_1200.jpg.webp?w=640&h=640&cp=1,,￥,56,,,积分专享,￥null,1986
78,【韩国现货】aespa - 再贩官方MD [Black Mamba]【全款直邮】,https://si.geilicdn.com/pcitem901564789785-5c5f0000017aeb1108470a20e273_2448_2446.jpg.webp?w=640&h=640&cp=1,,￥,0,0.1,,积分专享,￥null,1964
79,RED VELVET - THE RED SUMMER (夏日迷你专辑)【全款直邮】,https://si.geilicdn.com/pcitem901564789785-151e0000018152e7610a0a2313c4_450_450.jpg.webp?w=640&h=640&cp=1,,￥,71,,,积分专享,￥null,1906
80,【2轮/3.6截止】aespa演唱会’SYNK : HYPER LINE‘官方周边【全款直邮】,https://si.geilicdn.com/pcitem901740208237-0ee60000018683a7c9e60a23034c_1200_1200.jpg.webp?w=640&h=640&cp=1,新品,￥,50,,,积分专享,￥null,1899
81,Red Velvet - 迷你6辑 QUEENDOM【全款直邮】「版本可选」[无海报],https://si.geilicdn.com/wdseller901564789785-78860000017b05c59e920a20e273_450_450.jpg.webp?w=640&h=640&cp=1,,￥,107,,,积分专享,￥null,1842
82,【张圭真_KyuJinCattery/预售&amp;showcase特典】NMIXX 1st EP expérgo （普通版&amp;限量版&amp;D版）【全款直邮】,https://si.geilicdn.com/pcitem901740208237-3ac400000186396fa12c0a2313a2-unadjust_128_128.png.webp?w=640&h=640&cp=1&sd=5,,￥,48,,,积分专享,￥null,1806
83,【名井南Mina_tion】TWICE - READY TO BE(Digipack ver) 12th Mini Album 【全款直邮】,https://si.geilicdn.com/pcitem901564789785-635f000001864960ac660a22d246_680_680.jpg.webp?w=640&h=640&cp=1,,￥,49,0.5,,积分专享,￥null,1800
84,物流单号可查询【二轮】SMTOWN LIVE 2022 : SMCU EXPRESS @ HUMAN CITY_SUWON 2 【全款直邮】,https://si.geilicdn.com/pcitem901564789785-40d800000182b5a370ed0a2104c1_2388_2388.jpg.webp?w=640&h=640&cp=1,,￥,98,,,积分专享,￥null,1781
85,【吴海媛_HaeWoniverse/预售&amp;showcase特典】NMIXX 1st EP expérgo （普通版&amp;限量版&amp;D版）【全款直邮】,https://si.geilicdn.com/pcitem901740208237-3ac400000186396fa12c0a2313a2-unadjust_128_128.png.webp?w=640&h=640&cp=1&sd=5,,￥,48,,,积分专享,￥null,1778
86,YENA - SMILEY 【全款直邮】,https://si.geilicdn.com/pcitem901564789785-601d0000017e481db1570a20e284_1024_1024.jpg.webp?w=640&h=640&cp=1,,￥,68,,,积分专享,￥null,1717
87,娜琏 (TWICE) - IM NAYEON (1ST 迷你专辑)【全款直邮】,https://si.geilicdn.com/pcitem901564789785-188700000180f468d2dc0a2102d0_450_450.jpg.webp?w=640&h=640&cp=1,,￥,74,,,积分专享,￥null,1711
88,【3.17截止/预售&amp;showcase特典】NMIXX 1st EP expérgo （普通版&amp;限量版&amp;D版）【全款直邮】,https://si.geilicdn.com/pcitem901740208237-3ac400000186396fa12c0a2313a2-unadjust_128_128.png.webp?w=640&h=640&cp=1&sd=5,,￥,48,,,积分专享,￥null,1664
89,【韩国现货/WW签售特典】姜惠元 - Limited Edition Art Book [Like a Diamond]&nbsp;【全款直邮】,https://si.geilicdn.com/pcitem901564789785-6f0900000184ace024370a2313c4_1246_1080.jpg.webp?w=640&h=640&cp=1,,￥,119,,,积分专享,￥null,1613
90,NMIXX - 1st Single Album [AD MARE] (Light Ver.)一般盘【全款直邮】,https://si.geilicdn.com/pcitem901564789785-36310000017f0aacae2f0a207569_460_460.jpg.webp?w=640&h=640&cp=1,,￥,38,,,积分专享,￥null,1607
91,【金智羽Jiwoo_Fairyland/预售&amp;showcase特典】NMIXX 1st EP expérgo （普通版&amp;限量版&amp;D版）【全款直邮】,https://si.geilicdn.com/pcitem901740208237-3ac400000186396fa12c0a2313a2-unadjust_128_128.png.webp?w=640&h=640&cp=1&sd=5,,￥,48,,,积分专享,￥null,1583
92,【限量活动】RED VELVET - 2辑 [PERFECT VELVET]【全款直邮】,https://si.geilicdn.com/pcitem901564789785-14490000018152f4b2a80a22d30f_450_450.jpg.webp?w=640&h=640&cp=1,,￥,86,,,积分专享,￥null,1566
93,【全款直邮】WENDY - Like Water,https://si.geilicdn.com/pcitem901564789785-50d90000017a623d05020a20e7c7_450_450.jpg.webp?w=640&h=640&cp=1,,￥,87,,,积分专享,￥null,1525
94,【无卡】aespa - OFFICIAL FANLIGHT【全款直邮】,https://si.geilicdn.com/pcitem901564789785-0eb200000181d20c0de30a231447_700_700.jpg.webp?w=640&h=640&cp=1,,￥,208,,,积分专享,￥null,1524
95,【WM特典】【无预售礼】TWICE - BETWEEN 1&amp;2 (11TH mini专)【全款直邮】,https://si.geilicdn.com/pcitem901564789785-2ea10000018238d054cb0a231447_900_900.jpg.webp?w=640&h=640&cp=1,,￥,79,,,积分专享,￥null,1524
96,【韩国现货】NCT DREAM - Hello Future 官方周边【全款直邮】,https://si.geilicdn.com/pcitem901564789785-4f690000017e493eeaba0a2104c1_1200_1200.jpg.webp?w=640&h=640&cp=1,,￥,42,,,积分专享,￥null,1491
97,NCT - [Universe] PHOTOBOOK.ver【全款直邮】,https://si.geilicdn.com/pcitem901564789785-7cd30000017d73bb1d070a207569_450_450.jpg.webp?w=640&h=640&cp=1,,￥,78,,,积分专享,￥null,1470
98,【拍立得特典/无海报】【现货】NCT 127 - 3辑后续[Favorite]Package 【全款直邮】,https://si.geilicdn.com/pcitem901564789785-25f00000017ca23aada00a20e35c_700_700.jpg.webp?w=640&h=640&cp=1,,￥,188,,,积分专享,￥null,1427
99,【NMIXX_Future/预售&amp;showcase特典】NMIXX 1st EP expérgo （普通版&amp;限量版&amp;D版）【全款直邮】,https://si.geilicdn.com/pcitem901740208237-3ac400000186396fa12c0a2313a2-unadjust_128_128.png.webp?w=640&h=640&cp=1&sd=5,,￥,48,,,积分专享,￥null,1399
100,Red Velvet - 2辑后续 [THE PERFECT RED VELVET]【全款直邮】,https://si.geilicdn.com/pcitem901564789785-44fb0000017a5d2275630a217205_450_450.jpg.webp?w=640&h=640&cp=1,,￥,104,,,积分专享,￥null,1396
101,【物流单号可查询】NCT 127 2ND TOUR 'NEO CITY : SEOUL – THE LINK ⁺' 官方周边【全款直邮】,https://si.geilicdn.com/pcitem901564789785-6e0a00000183f03c07630a8134f0_1200_1200.jpg.webp?w=640&h=640&cp=1,,￥,18,,,积分专享,￥null,1383
102,ENHYPEN - DIMENSION:ANSWER【全款直邮】,https://si.geilicdn.com/pcitem901564789785-1be90000017da24655090a20e273_500_500.jpg.webp?w=640&h=640&cp=1,,￥,80,,,积分专享,￥null,1345
103,【TWICE吧/3.9截止/预售特典】TWICE - 12th Mini Album 「READY TO BE」【全款直邮】,https://si.geilicdn.com/pcitem901564789785-6f9c00000186168e217d0a23136f_680_680.jpg.webp?w=640&h=640&cp=1,,￥,83,,,积分专享,￥null,1325
104,【物流单号可查询】NCT 127 - 六周年 官方周边【全款直邮】,https://si.geilicdn.com/pcitem901564789785-0c8800000181d6e43b5b0a231418_872_872.jpg.webp?w=640&h=640&cp=1,,￥,49,,,积分专享,￥null,1302
105, NCT 127 - 3辑 [STICKER]【全款直邮】「版本可选」,https://si.geilicdn.com/pcitem901564789785-0c620000017c0bed1cf20a20e273_1200_1200.jpg.webp?w=640&h=640&cp=1,,￥,75,,,积分专享,￥null,1283
106,【物流单号可查询】SM 再贩计划 aespa商品合集【全款直邮】,https://si.geilicdn.com/pcitem901564789785-3e3a0000018170ba478f0a20e2c5_1200_1200.jpg.webp?w=640&h=640&cp=1,,￥,45,,,积分专享,￥null,1265
107,【物流单号可查询】GOT the beat - Step Back官方周边 【全款直邮】,https://si.geilicdn.com/pcitem901564789785-004c0000017f4e9e79c50a22e17f_800_800.jpg.webp?w=640&h=640&cp=1,,￥,45,,,积分专享,￥null,1249
108,IVE - 3RD SINGLE ALBUM AFTER LIKE【全款直邮】,https://si.geilicdn.com/pcitem901564789785-5e7b000001823ead854d0a2313c4_2000_2000.jpg.webp?w=640&h=640&cp=1,,￥,46,,,积分专享,￥null,1247
109,【全款直邮】 ITZY - MONTHLY KIT / NO BAD DAYS【7-12月份】,https://si.geilicdn.com/pcitem901564789785-57270000017d74a961540a21146b_500_500.jpg.webp?w=640&h=640&cp=1,,￥,134,,,积分专享,￥null,1235
110,【韩国现货】STAYC - 迷你一辑[STEREOTYPE]官方周边【全款直邮】,https://si.geilicdn.com/pcitem901564789785-5df90000017c16ae67140a20e35c_1200_1200.jpg.webp?w=640&h=640&cp=1,,￥,53,,,积分专享,￥null,1218
111,RED VELVET - RBB (5TH 迷你专辑)【韩国直邮】,https://si.geilicdn.com/pcitem881578129-365c00000177b11b95050a20b7b9_450_450.jpg.webp?w=640&h=640&cp=1,,￥,83,,,积分专享,￥null,1207
112,【补邮专用】nmixx盲盒活动 幸运爻爻乐,https://si.geilicdn.com/pcitem901564789785-698e00000185f6ddb1de0a23034c_900_900.jpg.webp?w=640&h=640&cp=1,包邮,￥,10,,,积分专享,￥null,
113,【6.23截止/成员可选/mokket签售特典】KEP1ER - DOUBLAST (2ND 迷你专辑)【全款直邮】,https://si.geilicdn.com/pcitem901564789785-48ac0000018184c0dd4d0a23056b_923_923.jpg.webp?w=640&h=640&cp=1,,￥,78,,,积分专享,￥null,1112
114,物流单号可查询Red Velvet - ‘The ReVe Festival 2022 - Birthday’官方周边【全款直邮】,https://si.geilicdn.com/pcitem901564789785-21cd000001853dabb09e0a2313e0_1000_1000.jpg.webp?w=640&h=640&cp=1,,￥,34,,,积分专享,￥null,1107
115,[VIP3]OH MY GIRL - 专辑合集【全款直邮】,https://si.geilicdn.com/pcitem901564789785-42d50000017c6575df7f0a21146b_1200_1200.jpg.webp?w=640&h=640&cp=1,,￥,47,,,积分专享,￥null,1083
116,【非首批】NCT DREAM - 冬季特别专辑 CANDY(SMini Ver.) 【全款直邮】,https://si.geilicdn.com/pcitem901564789785-6c6b00000185135abd720a2313a2_450_450.jpg.webp?w=640&h=640&cp=1,,￥,54,,,积分专享,￥null,1073
117,【七站联合活动】THE BOYZ-BE AWAKE (8th迷你专辑) case ver.【全款直邮】,https://si.geilicdn.com/pcitem901740208237-203b000001862a4568f30a230368_450_450.jpg.webp?w=640&h=640&cp=1,,￥,46,,,积分专享,￥null,1068
118,【全款直邮】「各种特典」LIGHTSUM - VANILLA,https://si.geilicdn.com/wdseller901564789785-1b070000017af258ddc30a20e273_900_900.jpg.webp?w=640&h=640&cp=1,49%回购,￥,60,,,积分专享,￥null,1039
119,【TWICE吧】TWICE - READY TO BE(Digipack ver) 12th Mini Album 【全款直邮】,https://si.geilicdn.com/pcitem901564789785-635f000001864960ac660a22d246_680_680.jpg.webp?w=640&h=640&cp=1,,￥,49,0.5,,积分专享,￥null,1013
120,【一批单号可查询/二批开启】BTS - 2022 Season's Greetings &amp; Wall Calendar【全款直邮】,https://si.geilicdn.com/pcitem901564789785-61d60000017cde9639590a20e2c5_1080_1136.jpg.webp?w=640&h=640&cp=1,,￥,112,,,积分专享,￥null,1012
121,【韩国直邮】 Red Velvet - 'THE REVE FESTIVAL' DAY 1 (KIHNO),https://si.geilicdn.com/pcitem881578129-27ed000001776361d5590a21c2a7-unadjust_273_251.png.webp?w=640&h=640&cp=1&sd=5,,￥,112,,,积分专享,￥null,1011
122, ENHYPEN  -  [DIMENSION : DILEMMA] (ESSENTIAL VER.)【全款直邮】,https://si.geilicdn.com/pcitem901564789785-26210000017d1433f62f0a20e273_450_450.jpg.webp?w=640&h=640&cp=1,,￥,54,,,积分专享,￥null,1010
123,【二批无预售礼】ITZY - CHESHIRE SPECIAL EDITION 【全款直邮】,https://si.geilicdn.com/pcitem901564789785-756f00000184e046742c0a8133ca_450_450.jpg.webp?w=640&h=640&cp=1,,￥,49,,,积分专享,￥null,1006
124,【无灯卡】STAYC - OFFICIAL LIGHT STICK【全款直邮】,https://si.geilicdn.com/pcitem901564789785-7446000001813cc76f330a20e273_1600_1600.jpg.webp?w=640&h=640&cp=1,,￥,234,,,积分专享,￥null,1004
125,【Sullyoon雪允_HoneyFawn/预售&amp;showcase特典】NMIXX 1st EP expérgo （普通版&amp;限量版&amp;D版）【全款直邮】,https://si.geilicdn.com/pcitem901740208237-3ac400000186396fa12c0a2313a2-unadjust_128_128.png.webp?w=640&h=640&cp=1&sd=5,,￥,48,,,积分专享,￥null, 
126,ITZY - CHECKMATE SPECIAL EDITION【全款直邮】,https://si.geilicdn.com/pcitem901564789785-1d45000001823396d8bf0a22d30f_450_450.jpg.webp?w=640&h=640&cp=1,,￥,44,,,积分专享,￥null,979
127,【韩国现货】TWICE - HAPPY TWICE&amp;ONCE DAY 官方周边【全款直邮】,https://si.geilicdn.com/pcitem901564789785-4c3b0000017c3ea632f40a20e672_673_673.jpg.webp?w=640&h=640&cp=1,,￥,30,,,积分专享,￥null,932
128,太妍 - 正规三辑 [INVU] 【全款直邮】,https://si.geilicdn.com/pcitem901564789785-3b780000017edde8cfc00a22e17f_500_500.jpg.webp?w=640&h=640&cp=1,,￥,57,,,积分专享,￥null,929
129,【二轮】Red Velvet - ‘The ReVe Festival 2022 - Birthday’官方周边【全款直邮】,https://si.geilicdn.com/pcitem901564789785-10ff00000185a9ebe7b70a21146b_1200_1200.jpg.webp?w=640&h=640&cp=1,,￥,45,,,积分专享,￥null,928
130,【BAE裴真率_Limerance/预售&amp;showcase特典】NMIXX 1st EP expérgo （普通版&amp;限量版&amp;D版）【全款直邮】,https://si.geilicdn.com/pcitem901740208237-3ac400000186396fa12c0a2313a2-unadjust_128_128.png.webp?w=640&h=640&cp=1&sd=5,,￥,48,,,积分专享,￥null,925
131,TXT - Official Light Stick 馍仙棒【全款直邮】,https://si.geilicdn.com/pcitem881578129-7baf00000179f35e9c1a0a217205_1080_1296.jpg.webp?w=640&h=640&cp=1,,￥,99,,,积分专享,￥null,923
132,【LilyM朴珍_ToMorrowGarden/预售&amp;showcase特典】NMIXX 1st EP expérgo （普通版&amp;限量版&amp;D版）【全款直邮】,https://si.geilicdn.com/pcitem901740208237-3ac400000186396fa12c0a2313a2-unadjust_128_128.png.webp?w=640&h=640&cp=1&sd=5,,￥,48,,,积分专享,￥null,914
133,Red Velvet - The ReVe Festival 2022 : Birthday (Photo Book Ver.)【全款直邮月】,https://si.geilicdn.com/pcitem901564789785-5e2a00000184ac76ba730a231418_450_450.jpg.webp?w=640&h=640&cp=1,,￥,75,,,积分专享,￥null,908
134,【7.17截止/mooket签售特典 成员可选】STAYC - WE NEED LOVE 【全款直邮】,https://si.geilicdn.com/pcitem901564789785-2ed900000181f6a1e00b0a20e7c7_923_923.jpg.webp?w=640&h=640&cp=1,,￥,65,,,积分专享,￥null,874
135,RED VELVET - ROOKIE (4TH 迷你专辑)【版本随机】【全款直邮】,https://si.geilicdn.com/pcitem901564789785-13e50000018152dc43af0a20e273_450_450.jpg.webp?w=640&h=640&cp=1,,￥,96,,,积分专享,￥null,852
136,2.26更新【国内现货/周边/专辑】EXO/EXO/RV/NCT/aespa官方周边,https://si.geilicdn.com/pcitem901564789785-12fd00000185ceb044ee0a20e35c_1000_1000.jpg.webp?w=640&h=640&cp=1,,￥,43,,,积分专享,￥null,837
137,NCT DREAM - [Glitch Mode]【全款直邮】,https://si.geilicdn.com/pcitem901564789785-0f6d0000017fabbb4da40a20e2c5_450_450.jpg.webp?w=640&h=640&cp=1,,￥,75,,,积分专享,￥null,822
138,TWICE - READY TO BE(Digipack ver) 12th Mini Album 【全款直邮】,https://si.geilicdn.com/pcitem901564789785-635f000001864960ac660a22d246_680_680.jpg.webp?w=640&h=640&cp=1,,￥,49,0.5,,积分专享,￥null,808
139,【3.7截止-wvs预售特典】〈SEVENTEEN in CARAT LAND〉 MEMORY BOOK【全款直邮】,https://si.geilicdn.com/pcitem901562401188-26dd000001862f7d393a0a2301a5-unadjust_1440_1728.png.webp?w=640&h=640&cp=1&sd=5,,￥,218,,,积分专享,￥null,797
140,ENHYPEN 正规一辑 [DIMENSION : DILEMMA] 【全款直邮】,https://si.geilicdn.com/pcitem901564789785-22f80000017d30d081370a20e273_450_450.jpg.webp?w=640&h=640&cp=1,,￥,78,,,积分专享,￥null,795
141,NMIXX - OFFICIAL LIGHT STICK 【全款直邮】,https://si.geilicdn.com/pcitem901564789785-2789000001866c9aae810a20e284_1440_1440.jpg.webp?w=640&h=640&cp=1,新品,￥,220,,,积分专享,￥null,
142,【物流单号可查询】STAYC - YOUNG-LUV.COM官方周边【全款直邮】,https://si.geilicdn.com/pcitem901564789785-754c0000017f9fcd91090a22d30f_1200_1200.jpg.webp?w=640&h=640&cp=1,,￥,50,,,积分专享,￥null,778
143,【6.5截止/SUM/新娜拉特典活动】NCT DREAM- 2辑后续'BEATBOX' (PHOTOBOOK VER.)【全款直邮】,https://si.geilicdn.com/wdseller901565266656-23ea0000018117c9c6510a23056b_613_443.jpg.webp?w=640&h=640&cp=1,,￥,204,,,积分专享,￥null,777
144,【韩国现货】aespa PHOTO MAGNET SET - Next Level「成员可选」【全款直邮】,https://si.geilicdn.com/pcitem901564789785-1f5c0000017a512e89910a217205_640_640.jpg.webp?w=640&h=640&cp=1,,￥,42,,,积分专享,￥null,773
145,【售罄截止/随机签名专辑】TNX - Love Never Dies【全款直邮】,https://si.geilicdn.com/pcitem901564789785-055d0000018600d5ea3a0a231179_680_680.jpg.webp?w=640&h=640&cp=1,,￥,127,,,积分专享,￥null,771
146,"【物流单号可查询/满额卡】Kep1er - 1st PHOTOBOOK ‘Dazzling Girls in London’, PHOTOBOOK官方周边【全款直邮】",https://si.geilicdn.com/pcitem901564789785-75ff00000182cb13dea00a22d30f_1200_1200.jpg.webp?w=640&h=640&cp=1,,￥,0,0.01,,积分专享,￥null,771
147,NCT - NCT 2018 EMPATHY,https://si.geilicdn.com/pcitem881578129-37db0000017763882ce60a21348d_450_450.jpg.webp?w=640&h=640&cp=1,,￥,97,,,积分专享,￥null,770
148,RED VELVET - THE REVE FESTIVAL' DAY 2' GUIDE BOOK VER.【全款直邮】,https://si.geilicdn.com/pcitem901564789785-044e0000017a5cd068050a21c2a8_450_450.jpg.webp?w=640&h=640&cp=1,,￥,90,,,积分专享,￥null,769
149,BLACKPINK - 2nd ALBUM [BORN PINK] 【全款直邮】,https://si.geilicdn.com/pcitem881578129-671e000001853a0b1a9a0a2104c1_800_800.jpg.webp?w=640&h=640&cp=1,,￥,93,,,积分专享,￥null,766
150,【全款直邮】NCT DREAM - WE GO UP,https://si.geilicdn.com/pcitem881578129-5c6f000001785fd8bc370a21c2a7_450_450.jpg.webp?w=640&h=640&cp=1,,￥,80,,,积分专享,￥null,762
151,【物流单号可查询】SUPER JUNIOR - 十七周年 官方周边【全款直邮】,https://si.geilicdn.com/pcitem901564789785-44ac000001844b723d8b0a22d246_1200_1200.jpg.webp?w=640&h=640&cp=1,,￥,47,,,积分专享,￥null,761
152,【禹庆准_KyungJunDiary/2.14截止/BANDINA幸运卡特典/新娜拉特典】TNX - Love Never Dies【全款直邮】,https://si.geilicdn.com/pcitem901564789785-7f9000000185ed27f9060a20e672_500_500.jpg.webp?w=640&h=640&cp=1,,￥,78,,,积分专享,￥null,749
153,【特惠】TWICE - 2019 台历 [THE ROSES]【全款直邮】,https://si.geilicdn.com/pcitem901564789785-6a7f0000017b4cb0202c0a21146b_450_450.jpg.webp?w=640&h=640&cp=1,,￥,79,,,积分专享,￥240,745
154,SOMI - THE FIRST ALBUM [XOXO] 【全款直邮】,https://si.geilicdn.com/pcitem901564789785-7aee0000017ca31f2ba50a20e672_1200_1200.jpg.webp?w=640&h=640&cp=1,,￥,81,,,积分专享,￥null,732
155,物流单号可查询【1.19截止/满额卡】Kep1er - 1st Debut Anniversary官方周边【全款直邮】,https://si.geilicdn.com/pcitem901564789785-430200000185ae8c62270a231418_900_900.jpg.webp?w=640&h=640&cp=1,,￥,0,0.01,,积分专享,￥null,725
156,【3.5截止/WM签售特典】STAYC - [Teddy Bear] [Digipack Ver.]【全款直邮】,https://si.geilicdn.com/pcitem901740208237-0b97000001869b06f5290a2313e0-unadjust_611_590.png.webp?w=640&h=640&cp=1&sd=5,新品,￥,64,,,积分专享,￥null,722
157,【售罄截止/YES24应募特典】fromis_9 - Talk &amp; Talk【全款直邮】,https://si.geilicdn.com/wdseller901564789785-2f2c0000017e2a0b6acd0a20e672_626_626.jpg.webp?w=640&h=640&cp=1,,￥,90,,,积分专享,￥null,720
158,【非首批】NCT DREAM- 2辑后续'BEATBOX' (PHOTOBOOK VER.)【全款直邮】,https://si.geilicdn.com/pcitem901564789785-5b9000000180dffe0cfe0a207569_450_450.jpg.webp?w=640&h=640&cp=1,,￥,80,,,积分专享,￥null,719
159,【韩国现货】YENA - 23TH生日限定MD【全款直邮】,https://si.geilicdn.com/pcitem901564789785-012a0000017c5fb567770a20e7c7_1200_1200.jpg.webp?w=640&h=640&cp=1,,￥,74,,,积分专享,￥null,718
160,aespa - OFFICIAL FANLIGHT CUSTOM EMBLEM【全款直邮】,https://si.geilicdn.com/pcitem901564789785-114e00000181d21dd0f50a23132e_1200_1200.jpg.webp?w=640&h=640&cp=1,,￥,49,,,积分专享,￥null,699
161,【11.29首批截止】Red Velvet - ‘The ReVe Festival 2022 - Birthday’(SMini Ver.) 【全款直邮】,https://si.geilicdn.com/pcitem901564789785-14b300000184bdef88dc0a22d3fa_450_450.jpg.webp?w=640&h=640&cp=1,,￥,65,,,积分专享,￥null,666
162,【3.9截止/预售特典】TWICE - 12th Mini Album 「READY TO BE」【全款直邮】,https://si.geilicdn.com/pcitem901564789785-6f9c00000186168e217d0a23136f_680_680.jpg.webp?w=640&h=640&cp=1,,￥,77,,,积分专享,￥null,662
163,BLACKPINK - BORNPINK 官方周边【全款直邮】,https://si.geilicdn.com/pcitem901564789785-0d7a0000018368491e360a813470_1200_1200.jpg.webp?w=640&h=640&cp=1,,￥,42,,,积分专享,￥null,653
164,OH MY GIRL - 专辑合集【全款直邮】,https://si.geilicdn.com/pcitem901564789785-42d50000017c6575df7f0a21146b_1200_1200.jpg.webp?w=640&h=640&cp=1,,￥,52,,,积分专享,￥null,649
165,【全款直邮】SEVENTEEN MINI7 (Heng:garae) ,https://si.geilicdn.com/pcitem881578129-1c6d0000017791c10fa30a21348d_250_250.jpg.webp?w=640&h=640&cp=1,,￥,86,,,积分专享,￥null,641
166,【2.16截止】NCT JAEHYUN 2023生日快乐！【全款直邮】,https://si.geilicdn.com/pcitem901740208237-6b850000018649700dbc0a23034c_1080_1080.jpg.webp?w=640&h=640&cp=1,,￥,50,,,积分专享,￥null,636
167,【金智羽Jiwoo_Fairyland/联合活动/WM/everline/SW/JYP特典】NMIXX - 1st EP expérgo 一般盘【全款直邮】】,https://si.geilicdn.com/pcitem901564789785-634f000001863a48da0e0a23136f_1024_1024.jpg.webp?w=640&h=640&cp=1,,￥,140,,,积分专享,￥null,633
168,【韩国现货】NCT 127 - 2ND TOUR 'NEO CITY : SEOUL - THE LINK'官方周边1轮【全款直邮】,https://si.geilicdn.com/pcitem901564789785-65e40000017d9ec97cdb0a207569_1200_1200.jpg.webp?w=640&h=640&cp=1,,￥,72,,,积分专享,￥null,630
169,RED VELVET - RUSSIAN ROULETTE (3RD 迷你专辑)【全款直邮】,https://si.geilicdn.com/pcitem901564789785-019d000001819992d86c0a20e284_450_450.jpg.webp?w=640&h=640&cp=1,,￥,78,,,积分专享,￥null,613
170,【售罄截止/hello82特典卡】NMIXX - 1st Single Album [AD MARE] (Light Ver.)一般盘【韩国现货/全款直邮】,https://si.geilicdn.com/pcitem901564789785-57810000018189dc95170a2313c4_2338_1950.jpg.webp?w=640&h=640&cp=1,,￥,51,,,积分专享,￥null,613
171,ENHYPEN - 回忆录 【全款直邮】,https://si.geilicdn.com/pcitem901564789785-6e380000017e9e9cdd0c0a207569_1200_1200.jpg.webp?w=640&h=640&cp=1,,￥,82,,,积分专享,￥null,600
172,LISA FIRST SINGLE ALBUM 「版本随机」【全款直邮】,https://si.geilicdn.com/pcitem901564789785-21b10000017b81f398210a20e284-unadjust_1500_1500.png.webp?w=640&h=640&cp=1&sd=5,,￥,70,,,积分专享,￥null,596
173,【TNX联络塔/1.27截止/新娜拉特典】TNX - Love Never Dies【全款直邮】,https://si.geilicdn.com/pcitem901564789785-7f9000000185ed27f9060a20e672_500_500.jpg.webp?w=640&h=640&cp=1,,￥,78,,,积分专享,￥null,572
174,【韩国直邮】Red Velvet - 2辑后续 [THE PERFECT RED VELVET]KIHNO版本,https://si.geilicdn.com/pcitem901564789785-44fb0000017a5d2275630a217205_450_450.jpg.webp?w=640&h=640&cp=1,,￥,112,,,积分专享,￥null,567
175,Red Velvet - 1辑 [The Red]【全款直邮】,https://si.geilicdn.com/pcitem901564789785-11fa0000018152d3db720a23034c_450_450.jpg.webp?w=640&h=640&cp=1,,￥,92,,,积分专享,￥null,558
176,FROMIS_9 - 专辑合集【全款直邮】,https://si.geilicdn.com/pcitem901564789785-39bd00000180f502bdec0a23132e_4033_4033.jpg.webp?w=640&h=640&cp=1,,￥,37,,,积分专享,￥null,554
177,【VIP3】太妍 - 专辑合集【全款直邮】,https://si.geilicdn.com/pcitem901564789785-64770000017c4f91f97e0a20e284_1200_1200.jpg.webp?w=640&h=640&cp=1,,￥,57,,,积分专享,￥null,543
178,韩国直邮 Red Velvet - 'THE REVE FESTIVAL' DAY 1 (GUIDE BOOK VER.,https://si.geilicdn.com/pcitem881578129-2f1700000177636f79760a21348d_250_250.jpg.webp?w=640&h=640&cp=1,,￥,83,,,积分专享,￥null,530
179,【韩国现货/售罄截止】WayV - UNIT&amp; Low Low&amp;Paint Me Naked 官方周边【全款直邮】,https://si.geilicdn.com/pcitem901564789785-21420000017c6018b4640a20e2c5_1200_1200.jpg.webp?w=640&h=640&cp=1,,￥,1,,,积分专享,￥null,522
180,【物流单号可查询】太妍 - INVU 官方周边【全款直邮】,https://si.geilicdn.com/pcitem901564789785-3b220000018021f6f67f0a20e2c5_1200_1200.jpg.webp?w=640&h=640&cp=1,,￥,22,,,积分专享,￥null,511
181,RED VELVET - ICE CREAM CAKE (1ST 迷你专辑)【全款直邮】,https://si.geilicdn.com/pcitem901564789785-0e280000018152c7dcec0a22d30f_450_450.jpg.webp?w=640&h=640&cp=1,,￥,83,,,积分专享,￥null,506
182,【7.2截止/预售特典】ENHYPEN - MANIFESTO : DAY 1【全款直邮】,https://si.geilicdn.com/pcitem901564789785-661a00000181606a25360a231418_600_600.jpg.webp?w=640&h=640&cp=1,,￥,53,,,积分专享,￥null,493
183,YENA - Love War  [POCAALBUM]【全款直邮】,https://si.geilicdn.com/pcitem901564789785-3388000001859c0c161f0a23056b_1200_1200.jpg.webp?w=640&h=640&cp=1,,￥,51,,,积分专享,￥null,488
184,太妍 - 专辑合集【全款直邮】,https://si.geilicdn.com/pcitem901564789785-64770000017c4f91f97e0a20e284_1200_1200.jpg.webp?w=640&h=640&cp=1,,￥,62,,,积分专享,￥null,481
185,【吴海媛_HaeWoniverse/bandina幸运卡特典】NMIXX-expérgo普通版/1st EP 【全款直邮】,https://si.geilicdn.com/pcitem901564789785-7026000001866da7fe810a21146b_2000_2000.jpg.webp?w=640&h=640&cp=1,,￥,83,,,积分专享,￥null,474
186,【VIP3及以上客户特惠专拍】少女时代  - 专辑合集【全款直邮】,https://si.geilicdn.com/pcitem901564789785-71b70000017d83b09ac40a20e273_800_800.jpg.webp?w=640&h=640&cp=1,,￥,47,,,积分专享,￥null,470
187,SEVENTEEN 正规3【全款直邮】,https://si.geilicdn.com/pcitem881578129-7782000001779557843c0a21c2a8_450_450.jpg.webp?w=640&h=640&cp=1,,￥,85,,,积分专享,￥null,468
188,SUPER JUNIOR - THE ROAD:CELEBRATION官方周边【全款直邮】,https://si.geilicdn.com/pcitem901740208237-63620000018610f56de60a20e2c5_680_680.jpg.webp?w=640&h=640&cp=1,,￥,24,,,积分专享,￥null,463
189,【韩国现货】SMTOWN LIVE 2022 官方周边[BOA/TVXQ/SJ/GG]【全款直邮】,https://si.geilicdn.com/pcitem901564789785-3e550000017e0a40a6da0a20e35c_1200_1200.jpg.webp?w=640&h=640&cp=1,,￥,28,,,积分专享,￥null,462
190,【售罄截止】STAYC X CELLUVER 香薰喷雾【全款直邮】,https://si.geilicdn.com/pcitem901564789785-3f680000017f9c80379b0a2104c1_1000_1000.jpg.webp?w=640&h=640&cp=1,,￥,55,,,积分专享,￥null,459
191,【2/15-13:00截止】NCT DREAM_LOCA Mobility交通卡_CANDY【全款直邮】,https://si.geilicdn.com/pcitem901740208237-47dd0000018639ad6b880a8133ca-unadjust_826_775.png.webp?w=640&h=640&cp=1&sd=5,,￥,33,,,积分专享,￥null,458
192,【平井桃气堡_MOMO】TWICE - READY TO BE(Digipack ver) 12th Mini Album 【全款直邮】,https://si.geilicdn.com/pcitem901564789785-635f000001864960ac660a22d246_680_680.jpg.webp?w=640&h=640&cp=1,,￥,49,0.5,,积分专享,￥null,457
193,【1.12截止/签售特典】YENA - 1ST SINGLE ALBUM [Love War]【全款直邮】,https://si.geilicdn.com/pcitem901564789785-6195000001859f8a22050a20e273_680_680.jpg.webp?w=640&h=640&cp=1,,￥,61,,,积分专享,￥null,455
194,IVE - LOVE DIVE(JEWEL CASE VER.)【全款直邮】,https://si.geilicdn.com/pcitem901564789785-49cd0000017ffd0e5d370a22e1f2_1000_1000.jpg.webp?w=640&h=640&cp=1,,￥,58,,,积分专享,￥null,453
195,TXT - minisode 2: Thursday's Child 【全款直邮】,https://si.geilicdn.com/pcitem901564789785-761d0000018044e9d27e0a20e284_800_1152.jpg.webp?w=640&h=640&cp=1,,￥,70,,,积分专享,￥null,427
196,GOT the beat - Stamp On It【全款直邮】,https://si.geilicdn.com/pcitem901564789785-58580000018596105e7f0a21146b_700_700.jpg.webp?w=640&h=640&cp=1,,￥,72,,,积分专享,￥null,425
197,【孙彩瑛/3.9截止/预售特典】TWICE - 12th Mini Album 「READY TO BE」【全款直邮】,https://si.geilicdn.com/pcitem901564789785-6f9c00000186168e217d0a23136f_680_680.jpg.webp?w=640&h=640&cp=1,,￥,83,,,积分专享,￥null,409
198,OH MY GIRL - 2辑 [REAL LOVE] 限定盘【全款直邮】,https://si.geilicdn.com/pcitem901564789785-255d0000017ff7d3115b0a21146b_600_600.jpg.webp?w=640&h=640&cp=1,,￥,199,,,积分专享,￥null,407
199,【全款直邮】NCT DREAM - WE BOOM (3RDMINI) KINO,https://si.geilicdn.com/pcitem881578129-23a700000177b5d2dfe70a20b7b9_450_450.jpg.webp?w=640&h=640&cp=1,,￥,104,,,积分专享,￥null,399
200,【韩国现货】aespa - 再贩官方MD [Forever]【全款直邮】,https://si.geilicdn.com/pcitem901564789785-709b0000017aeb26871d0a20e273_2448_2446.jpg.webp?w=640&h=640&cp=1,,￥,0,0.1,,积分专享,￥null,396
201,【无特典】‘The Thirteen Tapes (TTT)’ vol. 3/13 VERNON【全款直邮】,https://si.geilicdn.com/pcitem901564789785-6a61000001857b37427f0a22d3fa-unadjust_1440_1728.png.webp?w=640&h=640&cp=1&sd=5,,￥,92,,,积分专享,￥null,389
202,宣美 - [Heart Burn] 官方周边【全款直邮】,https://si.geilicdn.com/pcitem901564789785-4d3000000181ae86ccc30a813276_1200_1200.jpg.webp?w=640&h=640&cp=1,,￥,50,,,积分专享,￥null,387
203,WOODZ 曹承衍 - 官方手灯  【全款直邮】,https://si.geilicdn.com/pcitem881578129-532d0000017977f46fc20a217216_828_1792.jpg.webp?w=640&h=640&cp=1,,￥,145,,,积分专享,￥null,386
204,【BAE裴真率_Limerance/联合活动/everline特典】NMIXX - 1st EP expérgo 一般盘【全款直邮】】,https://si.geilicdn.com/pcitem901564789785-4195000001865056878e0a22d3fa_1024_1024.jpg.webp?w=640&h=640&cp=1,,￥,146,,,积分专享,￥null,382
205,NCT 2020 -  RESONANCE Pt. 2 (DEPARTURE VER.)【全款直邮】,https://si.geilicdn.com/pcitem881578129-3307000001785fa100680a20b7b9_500_500.jpg.webp?w=640&h=640&cp=1,,￥,88,,,积分专享,￥null,381
206,【平井桃气堡_MOMO/3.9截止/预售特典】TWICE - 12th Mini Album 「READY TO BE」【全款直邮】,https://si.geilicdn.com/pcitem901564789785-6f9c00000186168e217d0a23136f_680_680.jpg.webp?w=640&h=640&cp=1,,￥,83,,,积分专享,￥null,373
207,【全款直邮】STAYC - STAYDOM,https://si.geilicdn.com/weidian901562401188-35500000017a5a9ca35f0a20e672_1512_2016.jpg.webp?w=640&h=640&cp=1,,￥,62,,,积分专享,￥null,369
208,NCT 127 - 3辑后续 [FAVORITE]&amp;KIT可选【全款直邮】,https://si.geilicdn.com/pcitem901564789785-28100000017c96c0f1690a20e7c7_1200_1200.jpg.webp?w=640&h=640&cp=1,,￥,80,,,积分专享,￥null,363
209,【物流单号可查询】SUPER JUNIOR - The Road : Keep on Going 官方周边【全款直邮】,https://si.geilicdn.com/pcitem901564789785-2375000001836400af070a22d246_933_933.jpg.webp?w=640&h=640&cp=1,,￥,43,,,积分专享,￥null,362
210,【孙彩瑛吧】TWICE - READY TO BE(Digipack ver) 12th Mini Album 【全款直邮】,https://si.geilicdn.com/pcitem901564789785-635f000001864960ac660a22d246_680_680.jpg.webp?w=640&h=640&cp=1,,￥,49,0.5,,积分专享,￥null,358
211,NCT 2020 - NCT 2020 : RESONANCE Pt. 1【全款直邮】,https://si.geilicdn.com/pcitem881578129-27a2000001788af7bf780a217205_500_500.jpg.webp?w=640&h=640&cp=1,,￥,88,,,积分专享,￥null,353
212,LE SSERAFIM - FEARLESS Monochrome Bouquet Ver.,https://si.geilicdn.com/pcitem901562401188-0c95000001808f105fe50a231273_450_450.jpg.webp?w=640&h=640&cp=1,,￥,36,,,积分专享,￥null,348
213,LE SSERAFIM - FEARLESS【全款直邮】,https://si.geilicdn.com/pcitem901564789785-61e9000001805ebb9c120a22d30f_800_804.jpg.webp?w=640&h=640&cp=1,,￥,76,,,积分专享,￥null,346
214,【全款直邮】【拆专分成员出】NCT DREAM - WE BOOM (3RDMINI) KINO,https://si.geilicdn.com/pcitem881578129-23a700000177b5d2dfe70a20b7b9_450_450.jpg.webp?w=640&h=640&cp=1,,￥,80,,,积分专享,￥null,345
215,STAYC - 专辑合集【全款直邮】,https://si.geilicdn.com/pcitem901564789785-7bf2000001858a53acfd0a23056b_1200_1200.jpg.webp?w=640&h=640&cp=1,,￥,49,,,积分专享,￥null,341
216,【全款直邮】【签名专辑】ITZY - GUESS WHO【随机个人签】,https://si.geilicdn.com/pcitem881578129-41750000017857fd541d0a20b7b9_450_450.jpg.webp?w=640&h=640&cp=1,,￥,180,,,积分专享,￥null,334
217,【裴秀珉_RabbitTown/3.5截止/WM签售特典】STAYC - [Teddy Bear]【全款直邮】,https://si.geilicdn.com/pcitem901740208237-0b97000001869b06f5290a2313e0-unadjust_611_590.png.webp?w=640&h=640&cp=1&sd=5,新品,￥,64,,,积分专享,￥null,332
218,SEVENTEEN - 4辑 [FACE THE SUN]【全款直邮】,https://si.geilicdn.com/pcitem901564789785-784800000180face06860a230368_520_520.jpg.webp?w=640&h=640&cp=1,,￥,87,,,积分专享,￥null,326
219,【售罄截止/SW签售特典4.0】NMIXX - 1st Single Album [AD MARE] (Light Ver.)一般盘【韩国现货/全款直邮】,https://si.geilicdn.com/pcitem901564789785-125f0000018189d1b8cc0a813276_1170_986.jpg.webp?w=640&h=640&cp=1,,￥,50,,,积分专享,￥null,321
220,【张圭真_KyuJinCattery/bandina幸运卡特典】NMIXX-expérgo普通版/1st EP 【全款直邮】,https://si.geilicdn.com/pcitem901564789785-7026000001866da7fe810a21146b_2000_2000.jpg.webp?w=640&h=640&cp=1,,￥,83,,,积分专享,￥null,319
221,【无特典/wvs特典】宣美 - 6/1 (3RD 迷你专辑)【全款直邮】,https://si.geilicdn.com/pcitem901564789785-75580000017eba2f15620a20e7c7_450_450.jpg.webp?w=640&h=640&cp=1,,￥,76,,,积分专享,￥null,314
222,【韩国现货】TWICE - MONOGRAPH / Formula of Love: O+T=&lt;3【全款直邮】,https://si.geilicdn.com/pcitem901564789785-6a610000017ef5e50b360a20e2c5_500_500.jpg.webp?w=640&h=640&cp=1,,￥,162,,,积分专享,￥null,299
223,TREASURE - 专辑合集【全款直邮】,https://si.geilicdn.com/pcitem901564789785-58850000017d3d473cec0a20e2c5_1200_1200.jpg.webp?w=640&h=640&cp=1,,￥,66,,,积分专享,￥null,295
224,2PM 专辑合集【全款直邮】,https://si.geilicdn.com/pcitem901564789785-00a20000017ea4c4b7070a2104c1_1200_1200.jpg.webp?w=640&h=640&cp=1,,￥,59,,,积分专享,￥null,290
225,【限量特惠/售罄截止】SUPER JUNIOR-D&amp;E - COUNTDOWN / 1ST ALBUM 【全款直邮】,https://si.geilicdn.com/pcitem901564789785-16330000017dbe602b660a22d4b2_1200_1200.jpg.webp?w=640&h=640&cp=1,,￥,40,,,积分专享,￥null,277
226,NCT127 - 3辑 Sticker (Jewel Case Ver.)【全款直邮】,https://si.geilicdn.com/pcitem901564789785-595b0000017bd76eff8b0a21146b_320_320.jpg.webp?w=640&h=640&cp=1,库存紧张,￥,63,,,积分专享,￥null,276
227,【朴志效_UnicornJihyo】TWICE - READY TO BE(Digipack ver) 12th Mini Album 【全款直邮】,https://si.geilicdn.com/pcitem901564789785-635f000001864960ac660a22d246_680_680.jpg.webp?w=640&h=640&cp=1,,￥,49,0.5,,积分专享,￥null,276
228,【张礼恩_甜心小狗SweetieJ/3.5截止/WM签售特典】STAYC - [Teddy Bear]【全款直邮】,https://si.geilicdn.com/pcitem901740208237-0b97000001869b06f5290a2313e0-unadjust_611_590.png.webp?w=640&h=640&cp=1&sd=5,新品,￥,64,,,积分专享,￥null,275
229,【韩国直邮】【全款】 NCT 127 -MINI 4辑 NCT #127 WE ARE SUPERHUMAN KINO,https://si.geilicdn.com/pcitem881578129-212100000177b5cb5ff80a20b7b9_450_450.jpg.webp?w=640&h=640&cp=1,,￥,87,,,积分专享,￥null,270
230,【纱吧/联合活动/WM特典】TWICE - 12th Mini Album 「READY TO BE」【全款直邮】】,https://si.geilicdn.com/pcitem901564789785-0031000001861cba08800a231273_1024_1024.jpg.webp?w=640&h=640&cp=1,,￥,249,,,积分专享,￥null,269
231,Red Velvet - Official Light Stick 【全款直邮】,https://si.geilicdn.com/pcitem881578129-1c94000001782f167b5d0a20b7b9-unadjust_628_626.png.webp?w=640&h=640&cp=1&sd=5,,￥,200,,,积分专享,￥null,266
232,【物流单号可查询】SUPER JUNIOR-D&amp;E  COUNTDOWN官方周边【全款直邮】,https://si.geilicdn.com/pcitem901564789785-43f30000017d32576be60a20e273_800_800.jpg.webp?w=640&h=640&cp=1,,￥,18,,,积分专享,￥null,262
233,【韩国直邮】Red Velvet - 'THE REVE FESTIVAL' DAY 2' (KIHNO)卡片,https://si.geilicdn.com/pcitem881578129-445f000001785f4f68080a21348d_500_500.jpg.webp?w=640&h=640&cp=1,,￥,112,,,积分专享,￥null,260
234,【尹势银_SeeunForest/3.5截止/WM签售特典】STAYC - [Teddy Bear]【全款直邮】,https://si.geilicdn.com/pcitem901740208237-0b97000001869b06f5290a2313e0-unadjust_611_590.png.webp?w=640&h=640&cp=1&sd=5,新品,￥,64,,,积分专享,￥null,252
235,【WM签售特典】ITZY - CHECKMATE STANDARD EDITION 【全款直邮】,https://si.geilicdn.com/pcitem901564789785-04e500000184fecc73ac0a22b3e4_640_699.jpg.webp?w=640&h=640&cp=1,,￥,70,,,积分专享,￥null,246
236,【限量版】BSS-1st Single Album 'SECOND WIND'(Special Ver.)【全款直邮】,https://si.geilicdn.com/pcitem901740208237-0ce90000018624b632ac0a2301a5_450_450.jpg.webp?w=640&h=640&cp=1,,￥,326,,,积分专享,￥null,245
237,【快递单号可查询】NCT 127 - Favorite 官方周边【全款直邮】,https://si.geilicdn.com/pcitem901564789785-1ae00000017d70897a8f0a20e35c_1200_1200.jpg.webp?w=640&h=640&cp=1,,￥,45,,,积分专享,￥null,243
238,太妍 - 3辑 [INVU] 限量版(ENVY Ver.)【全款直邮】,https://si.geilicdn.com/pcitem901564789785-733b0000017f01bd6a6b0a20e284_450_450.jpg.webp?w=640&h=640&cp=1,,￥,152,,,积分专享,￥null,242
239,少女时代  - 专辑合集【全款直邮】,https://si.geilicdn.com/pcitem901564789785-1b130000017c6d86694a0a21146b_1200_1200.jpg.webp?w=640&h=640&cp=1,,￥,52,,,积分专享,￥null,242
240,(G)I-DLE - Official Light Stick 2.0【全款直邮】,https://si.geilicdn.com/pcitem901564789785-4a9700000185962febc60a20e284_300_300.jpg.webp?w=640&h=640&cp=1,,￥,217,,,积分专享,￥null,239
241,【WM签售特典3.0】ITZY - CHECKMATE STANDARD EDITION 【全款直邮】,https://si.geilicdn.com/wdseller901565266656-7bfb00000182442af6cf0a231418_960_1058.jpg.webp?w=640&h=640&cp=1,,￥,75,,,积分专享,￥null,229
242,RED VELVET - THE VELVET (2ND 迷你专辑)【全款直邮】,https://si.geilicdn.com/pcitem901564789785-00b6000001819999601c0a23034c_450_450.jpg.webp?w=640&h=640&cp=1,,￥,78,,,积分专享,￥null,227
243,【俞定延吧】TWICE - READY TO BE(Digipack ver) 12th Mini Album 【全款直邮】,https://si.geilicdn.com/pcitem901564789785-635f000001864960ac660a22d246_680_680.jpg.webp?w=640&h=640&cp=1,,￥,49,0.5,,积分专享,￥null,224
244,RedVelvet-IRENE&amp;SeulG - MONSTER (1ST 迷你专辑) BASE NOTE VER.,https://si.geilicdn.com/pcitem901564789785-4ac60000017a6233fea90a20b7b9_450_450.jpg.webp?w=640&h=640&cp=1,,￥,83,,,积分专享,￥null,223
245,IVE 专辑合集,https://si.geilicdn.com/pcitem881578129-268600000185d2fed3590a8134f0-unadjust_449_447.png.webp?w=640&h=640&cp=1&sd=5,,￥,58,,,积分专享,￥null,221
246,【5.31截止】JO YURI 曺柔理 - WALTZ : IN MAJOR【全款直邮】,https://si.geilicdn.com/pcitem901564789785-246f00000180f48987930a20e284_779_897.jpg.webp?w=640&h=640&cp=1,,￥,40,,,积分专享,￥null,219
247,【10.4截止/WD签售特典】WEEEKLY - PLAY GAME : HOLIDAY (4ND 迷你专辑)【全款直邮】,https://si.geilicdn.com/pcitem901564789785-574a0000017bd769a30d0a21146b-unadjust_770_600.png.webp?w=640&h=640&cp=1&sd=5,,￥,87,,,积分专享,￥null,218
248,【3.30一批截止】SUHO - GREY SUIT (2ND迷你专辑) 【全款直邮】,https://si.geilicdn.com/pcitem901564789785-7f440000017fd39824270a22e1f2_500_500.jpg.webp?w=640&h=640&cp=1,,￥,47,,,积分专享,￥null,217
249,【3月中】EXO手灯 荧光棒 三代 VER3 【全款直邮】,https://si.geilicdn.com/wdseller881578129-481f00000175bccd25ea0a21c2a7-unadjust_700_700.jpeg.webp?w=640&h=640&cp=1,,￥,235,,,积分专享,￥null,214
250,【2.7截止/BR幸运卡特典】P1Harmony - HARMONY : SET IN (5TH 迷你专辑)【全款直邮】,https://si.geilicdn.com/pcitem901740208237-323100000186154926a00a23056b_1200_1350.jpg.webp?w=640&h=640&cp=1,,￥,91,,,积分专享,￥null,207
251,【预售特典】颂乐 - [SOLAR] 容:FACE【全款直邮】,https://si.geilicdn.com/pcitem901564789785-37bc0000017f7897359c0a22e17f_1362_1092.jpg.webp?w=640&h=640&cp=1,,￥,3,,,积分专享,￥null,202
252,【物流单号可查询】NCT DREAM - DICON D’FESTA NCT DREAM： Dispatch 10th Anniversary【全款直邮】,https://si.geilicdn.com/pcitem901564789785-1d870000018290a901c00a2313c4_593_593.jpg.webp?w=640&h=640&cp=1,,￥,222,,,积分专享,￥null,201
253,脸红的思春期 - 专辑合集【全款直邮】,https://si.geilicdn.com/pcitem901564789785-672a0000017ca61dc55b0a20e35c_1200_1200.jpg.webp?w=640&h=640&cp=1,,￥,54,,,积分专享,￥null,193
254,【金智羽Jiwoo_Fairyland/bandina幸运卡特典】NMIXX-expérgo普通版/1st EP 【全款直邮】,https://si.geilicdn.com/pcitem901564789785-7026000001866da7fe810a21146b_2000_2000.jpg.webp?w=640&h=640&cp=1,,￥,83,,,积分专享,￥null,192
255,【2.27截止/WD签售特典】NMIXX - 1st Single Album [AD MARE] (Light Ver.)一般盘【全款直邮】,https://si.geilicdn.com/pcitem901564789785-152e0000017f2ef5a2850a20e672_1200_1200.jpg.webp?w=640&h=640&cp=1,,￥,58,,,积分专享,￥null,189
256,【INT/SW/MS/MA新娜拉/预售特典】OH MY GIRL - 2辑 [REAL LOVE]【全款直邮】,https://si.geilicdn.com/pcitem901564789785-671b0000017f92b95e6f0a230368_1080_1080.jpg.webp?w=640&h=640&cp=1,,￥,82,,,积分专享,￥null,188
257,【特别活动】TWICE - TWICE TV5 : TWICE IN SWITZERLAND系列 【全款直邮】预定,https://si.geilicdn.com/pcitem901564789785-7ff40000017ab8dff0f00a20e35c_400_400.jpg.webp?w=640&h=640&cp=1,,￥,50,,,积分专享,￥null,187
258,【物流可查询】NCT U - Universe周边 Pendant Necklace【全款直邮】,https://si.geilicdn.com/pcitem901564789785-6ce40000017f9bcae3690a231179_700_700.jpg.webp?w=640&h=640&cp=1,,￥,200,,,积分专享,￥null,184
259,【3.17截止/bandina幸运卡特典】NMIXX-expérgo普通版/1st EP 【全款直邮】,https://si.geilicdn.com/pcitem901564789785-7026000001866da7fe810a21146b_2000_2000.jpg.webp?w=640&h=640&cp=1,,￥,83,,,积分专享,￥null,184
260,【2.25截止/SUM/WM/MS特别特典】YESUNG - Floral Sense / 1ST FULL ALBUM (Special Ver.)【全款直邮】,https://si.geilicdn.com/pcitem901564789785-196500000186731e82a30a23136f_1600_1600.jpg.webp?w=640&h=640&cp=1,,￥,82,,,积分专享,￥null,183
261,【韩国直邮】防弹少年团 BTS-YOU NEVER WALK ALONE,https://si.geilicdn.com/pcitem881578129-060800000177959ff49c0a20b7b9_450_450.jpg.webp?w=640&h=640&cp=1,,￥,99,,,积分专享,￥null,182
262,GOT7 - 专辑合集【全款直邮】预定,https://si.geilicdn.com/pcitem901564789785-790e0000017f3a5977070a20e2c5_1200_1200.jpg.webp?w=640&h=640&cp=1,,￥,51,,,积分专享,￥null,182
263,【朴志效_UnicornJihyo/预售特典】TWICE - 12th Mini Album 「READY TO BE」【全款直邮】,https://si.geilicdn.com/pcitem901564789785-6f9c00000186168e217d0a23136f_680_680.jpg.webp?w=640&h=640&cp=1,,￥,83,,,积分专享,￥null,181
264,姜惠元 - 2022官方台历【全款直邮】[送izone随机卡一张],https://si.geilicdn.com/pcitem901564789785-2dbf0000017ceb1628b80a20e284_1364_1364.jpg.webp?w=640&h=640&cp=1,,￥,125,,,积分专享,￥null,179
265,KAI - PEACHES【全款直邮】,https://si.geilicdn.com/pcitem901564789785-707a0000017d0fb954800a207569_450_450.jpg.webp?w=640&h=640&cp=1,,￥,49,,,积分专享,￥null,175
266,【物流单号可查询】太妍 - INVU : THE EXHIBIT官方周边【全款直邮】,https://si.geilicdn.com/pcitem901564789785-41fe0000017ed30d0c1b0a20e2c5_800_800.jpg.webp?w=640&h=640&cp=1,,￥,39,,,积分专享,￥null,175
267,【无特典】BTS - MEMORIES OF 2020 DVD/BLU-RAY【全款直邮】,https://si.geilicdn.com/pcitem901564789785-2e000000017ac1e4f6120a20e284_1140_1140.jpg.webp?w=640&h=640&cp=1,,￥,383,,,积分专享,￥null,174
268,【Sullyoon雪允_HoneyFawn/bandina幸运卡特典】NMIXX-expérgo普通版/1st EP 【全款直邮】,https://si.geilicdn.com/pcitem901564789785-7026000001866da7fe810a21146b_2000_2000.jpg.webp?w=640&h=640&cp=1,,￥,83,,,积分专享,￥null,174
269,【李彩煐_ISAB猫粮生产部/3.5截止/WM签售特典】STAYC - [Teddy Bear]【全款直邮】,https://si.geilicdn.com/pcitem901740208237-0b97000001869b06f5290a2313e0-unadjust_611_590.png.webp?w=640&h=640&cp=1&sd=5,新品,￥,64,,,积分专享,￥null,170
270,【韩国直邮】【全款】superjunior-10辑‘The Renaissance’(SQUARE Style),https://si.geilicdn.com/pcitem881578129-2bea00000177cda49d440a20b7b9_296_296.jpg.webp?w=640&h=640&cp=1,,￥,90,,,积分专享,￥null,169
271,BTS - BE (ESSENTIAL EDITION)【全款直邮】,https://si.geilicdn.com/pcitem901564789785-3d300000017d1439fa7a0a207569_450_450.jpg.webp?w=640&h=640&cp=1,,￥,87,,,积分专享,￥null,168
272,SEVENTEEN -9th Mini Album [Attacca]【全款直邮】,https://si.geilicdn.com/pcitem901564789785-0d6f0000017c163783450a20e273_450_450.jpg.webp?w=640&h=640&cp=1,,￥,86,,,积分专享,￥null,168
273,【朴莳恩_Lovesieun/3.5截止/WM签售特典】STAYC - [Teddy Bear]【全款直邮】,https://si.geilicdn.com/pcitem901740208237-0b97000001869b06f5290a2313e0-unadjust_611_590.png.webp?w=640&h=640&cp=1&sd=5,新品,￥,64,,,积分专享,￥null,168
274,【物流单号可查询】OH MY GIRL - Real Love 官方周边【全款直邮】,https://si.geilicdn.com/pcitem901564789785-6ccc000001801d16755e0a22e17f_1200_1200.jpg.webp?w=640&h=640&cp=1,,￥,69,,,积分专享,￥null,167
275,【熊宝瑜卡/联合活动/WM/SW特典】TWICE - 12th Mini Album 「READY TO BE」【全款直邮】】,https://si.geilicdn.com/pcitem901564789785-499a000001861ad14cd20a8133ca_1024_1024.jpg.webp?w=640&h=640&cp=1,,￥,249,,,积分专享,￥null,156
276,【全款直邮】IZONE卡套,https://si.geilicdn.com/pcitem881578129-6e0c0000017992f2b7370a20b7b9_1080_809.jpg.webp?w=640&h=640&cp=1,库存紧张,￥,165,,,积分专享,￥null,155
277,【韩国直邮】防弹少年团 BTS- 花样年华 PT.2 (4TH MINI),https://si.geilicdn.com/pcitem881578129-09bd0000017795c09bf40a21c2a8_450_450.jpg.webp?w=640&h=640&cp=1,,￥,78,,,积分专享,￥null,152
278,【WD/WW特典】辉人 - WHEE【全款直邮】,https://si.geilicdn.com/pcitem901564789785-53780000017dfaa1c3a10a20e2c5_500_500.jpg.webp?w=640&h=640&cp=1,,￥,84,,,积分专享,￥null,148
279,【物流单号更新】SUHO - Grey Suit官方周边【全款直邮】,https://si.geilicdn.com/pcitem901564789785-526600000180dfffd2370a230368_680_680.jpg.webp?w=640&h=640&cp=1,,￥,22,,,积分专享,￥null,148
280,【9.7更新/不可退款】NCT LUGGAGE STICKER+PHOTO CARD SET - 2021 BACK TO SCHOOL KIT【全新未拆/全款直邮】,https://si.geilicdn.com/pcitem901564789785-06a50000017bb91a0bb00a21146b_2448_2446.jpg.webp?w=640&h=640&cp=1,,￥,1,,,积分专享,￥null,147
281,【NMIXX Future/bandina幸运卡特典】NMIXX-expérgo普通版/1st EP 【全款直邮】,https://si.geilicdn.com/pcitem901564789785-7026000001866da7fe810a21146b_2000_2000.jpg.webp?w=640&h=640&cp=1,,￥,83,,,积分专享,￥null,145
282,【全款直邮】IZONE  ONEIRIC DIARY (3RD 迷你专辑) KIHNO版 ,https://si.geilicdn.com/pcitem901564789785-43530000017a27786ac60a21c2a7_450_450.jpg.webp?w=640&h=640&cp=1,,￥,122,,,积分专享,￥null,142
283,【全款直邮】JENNIE - SOLO / PHOTOBOOK,https://si.geilicdn.com/pcitem881578129-784c00000178d37982ac0a217205_500_500.jpg.webp?w=640&h=640&cp=1,,￥,69,,,积分专享,￥null,142
284,【全款直邮】【现货】[NCT 127 - REGULAR-IRREGULAR],https://si.geilicdn.com/pcitem881578129-66f6000001785fdf54970a21348d_450_450.jpg.webp?w=640&h=640&cp=1,,￥,97,,,积分专享,￥null,140
285,【效吧联合活动/WM特典】TWICE - 12th Mini Album 「READY TO BE」【全款直邮】】,https://si.geilicdn.com/pcitem901564789785-0031000001861cba08800a231273_1024_1024.jpg.webp?w=640&h=640&cp=1,,￥,264,,,积分专享,￥null,136
286,【SW特别活动】太妍 - 正规三辑 [INVU] 【全款直邮】,https://si.geilicdn.com/pcitem901564789785-431a0000017ee18117650a22e17f_450_450.jpg.webp?w=640&h=640&cp=1,,￥,162,,,积分专享,￥null,136
287,【Sullyoon雪允_HoneyFawn/联合活动/everline特典】NMIXX - 1st EP expérgo 一般盘【全款直邮】】,https://si.geilicdn.com/pcitem901564789785-624300000186492a247d0a813470_1024_1024.jpg.webp?w=640&h=640&cp=1,,￥,140,,,积分专享,￥null,136
288,DAY6 - 专辑合集【全款直邮】,https://si.geilicdn.com/pcitem901564789785-74660000017bedc5d4170a21146b_1200_1200.jpg.webp?w=640&h=640&cp=1,,￥,60,,,积分专享,￥null,136
289,APINK - 专辑合集【全款直邮】,https://si.geilicdn.com/pcitem901564789785-38fa0000017c6d669bf40a20e35c_1200_1200.jpg.webp?w=640&h=640&cp=1,,￥,47,,,积分专享,￥null,134
290,【全款直邮】BLACKPINK 交通卡,https://si.geilicdn.com/pcitem881578129-1c9a00000178f8b5a3c20a217216_1440_1080.jpg.webp?w=640&h=640&cp=1,,￥,30,,,积分专享,￥null,134
291,【林娜琏锁店_Nayeon】TWICE - READY TO BE(Digipack ver) 12th Mini Album 【全款直邮】,https://si.geilicdn.com/pcitem901564789785-635f000001864960ac660a22d246_680_680.jpg.webp?w=640&h=640&cp=1,新品,￥,57,,,积分专享,￥null,133
292,WayV - PHOTO PROJECTION KEYRING【全款直邮】,https://si.geilicdn.com/pcitem881578129-4974000001783df30c850a20b7b9_500_500.jpg.webp?w=640&h=640&cp=1,,￥,93,,,积分专享,￥null,131
293,【售罄即止/不可退款】THE BOYZ - 官方周边 清仓特价【全款直邮】,https://si.geilicdn.com/pcitem901564789785-3d650000017bc0bbdfbb0a20e7c7_2448_2446.jpg.webp?w=640&h=640&cp=1,,￥,32,,,积分专享,￥null,131
294,【全款直邮】ONF - OFFICIAL LIGHT STICK 手灯【送套卡】,https://si.geilicdn.com/pcitem881578129-729f00000178e823b72e0a217205_500_500.jpg.webp?w=640&h=640&cp=1,,￥,213,,,积分专享,￥null,130
295,【LilyM朴珍_ToMorrowGarden/bandina幸运卡特典】NMIXX-expérgo普通版/1st EP 【全款直邮】,https://si.geilicdn.com/pcitem901564789785-7026000001866da7fe810a21146b_2000_2000.jpg.webp?w=640&h=640&cp=1,,￥,83,,,积分专享,￥null,129
296,【6.25截止/wvs特典】fromis_9 - [from our Memento Box] 5th 迷你专辑 【全款直邮】,https://si.geilicdn.com/pcitem901564789785-6ce5000001817166d7440a2313c4_450_450.jpg.webp?w=640&h=640&cp=1,,￥,74,,,积分专享,￥null,125
297,【ONFdynamo发电机】ONF - CODE ＃1. [REVERSE]官方周边【全款直邮】,https://si.geilicdn.com/pcitem901564789785-1f040000017d6ac15c3f0a20e273_1200_1200.jpg.webp?w=640&h=640&cp=1,,￥,28,,,积分专享,￥null,125
298,J-HOPE - JACK IN THE BOX (WREVERSE ALBUM)【全款直邮】,https://si.geilicdn.com/pcitem901564789785-2c33000001822418b31f0a2313c4_680_680.jpg.webp?w=640&h=640&cp=1,,￥,44,,,积分专享,￥null,124
299, 【具廷谟_JungMo蘑菇屋/3.3截止】CRAVITY - 5TH MINI ALBUM MASTER:PIECE【全款直邮】,https://si.geilicdn.com/pcitem901564789785-09c1000001866e593a240a231418_2000_2000.jpg.webp?w=640&h=640&cp=1,新品,￥,60,,,积分专享,￥null,121
300,【特价优惠/韩国现货】SM艺人 2022 官方台历 SJ/少女时代/SHINee/EXO/WAYV 2022台历 【全款直邮】,https://si.geilicdn.com/pcitem901564789785-77510000018065cc53c00a813470_1200_1200.jpg.webp?w=640&h=640&cp=1,,￥,100,,,积分专享,￥null,118
301,【2.21截止】NCT JUNGWOO 2023生日快乐！【全款直邮】,https://si.geilicdn.com/pcitem901740208237-44fb000001866303f9880a2313a2_900_900.jpg.webp?w=640&h=640&cp=1,,￥,50,,,积分专享,￥null,
302,【售罄截止】[BPTOURMSH] BLACKPINK官方周边【全款直邮】,https://si.geilicdn.com/pcitem901740208237-14aa0000018696d5b9530a2313c4-unadjust_900_729.png.webp?w=640&h=640&cp=1&sd=5,新品,￥,78,,,积分专享,￥null,116
303,【物流单号可查询】Kep1er - 2022 FM＜Kep1anet＞官方周边 【全款直邮】,https://si.geilicdn.com/pcitem901564789785-351f00000183abf467600a8134f0_1080_1080.jpg.webp?w=640&h=640&cp=1,,￥,32,,,积分专享,￥null,115
304,【韩国现货/全款直邮】aespa 4X6 PHOTO SET - Next Level,https://si.geilicdn.com/wdseller901564789785-0e530000017a5d8be1ab0a217216_298_402.jpg.webp?w=640&h=640&cp=1,,￥,32,,,积分专享,￥null,114
305,【1批-3.5截止/WVS早鸟特典】Jimin (BTS)- 'Face' -Solo Album【全款直邮】,https://si.geilicdn.com/pcitem901740208237-71ba0000018676fef6730a231418-unadjust_636_596.png.webp?w=640&h=640&cp=1&sd=5,,￥,51,,,积分专享,￥null,113
306,【3.6截止】NCT DREAM - [Candy] Y2K KIT【全款直邮】,https://si.geilicdn.com/pcitem901740208237-077100000186967f45050a2313e0_500_500.jpg.webp?w=640&h=640&cp=1,新品,￥,139,,,积分专享,￥null,111
307,【无灯卡3月初】BLACKPINK - 官方手灯2.0【全款直邮】,https://si.geilicdn.com/pcitem901564789785-57be00000184084e8ec00a231418-unadjust_1440_1728.png.webp?w=640&h=640&cp=1&sd=5,,￥,205,,,积分专享,￥null,106
308,LOVELYZ - 专辑合集【全款直邮】,https://si.geilicdn.com/pcitem901564789785-46c30000017d362497210a20e273_1200_1200.jpg.webp?w=640&h=640&cp=1,,￥,46,,,积分专享,￥null,102
309,【BAE裴真率_Limerance/bandina幸运卡特典】NMIXX-expérgo普通版/1st EP 【全款直邮】,https://si.geilicdn.com/pcitem901564789785-7026000001866da7fe810a21146b_2000_2000.jpg.webp?w=640&h=640&cp=1,,￥,83,,,积分专享,￥null,101
310,【限量特惠/售罄截止】KEY - BAD LOVE (1ST 迷你专辑)【全款直邮】,https://si.geilicdn.com/pcitem901564789785-49940000017dc0f8868b0a21146b_1200_1200.jpg.webp?w=640&h=640&cp=1,,￥,40,,,积分专享,￥null,101
311,【全款直邮】&lt;姜惠元中文首站&gt;姜惠元 - 1st Edition Photobook 【WD特典1:1不重复】,https://si.geilicdn.com/pcitem881578129-504a0000017a1e24740a0a21348d_500_500.jpg.webp?w=640&h=640&cp=1,,￥,250,,,积分专享,￥null,100
312,【11.19截止/特点更新】华莎 - [Guilty Pleasure]【全款直邮】,https://si.geilicdn.com/pcitem901564789785-1bdb0000017d0dd08d2f0a20e7c7_500_500.jpg.webp?w=640&h=640&cp=1,,￥,78,,,积分专享,￥null,95
313,【预售】权恩妃 - 迷你一辑[OPEN]【全款直邮】,https://si.geilicdn.com/pcitem901564789785-7f5e0000017b7c63a35a0a20e7c7_500_500.jpg.webp?w=640&h=640&cp=1,,￥,3,,,积分专享,￥null,94
314,【物流单号可查询】[NCT x SANRIO CHARACTERS] NCT MASK【全款直邮】,https://si.geilicdn.com/pcitem901564789785-20c400000181aa1c7c310a2301a5_600_600.jpg.webp?w=640&h=640&cp=1,,￥,0,0.01,,积分专享,￥null,94
315,【9.9更新】TWICE  官方周边 合集【全款直邮】「现货」【随时更新】【非质量问题不可退款】,https://si.geilicdn.com/pcitem901564789785-67c60000017ba17052e00a20e7c7-unadjust_754_716.png.webp?w=640&h=640&cp=1&sd=5,,￥,25,,,积分专享,￥null,92
316,ITZY 手灯包 赠送官方ITZY手灯包套卡【韩国直邮】,https://si.geilicdn.com/pcitem881578129-3c710000017772df18d40a21c2a8_500_500.jpg.webp?w=640&h=640&cp=1,,￥,198,,,积分专享,￥null,91
317,【3.7首批截止/预售】KAI-Rover-3RD迷你专辑【全款直邮】,https://si.geilicdn.com/pcitem901740208237-353d0000018662e705710a231179_450_450.jpg.webp?w=640&h=640&cp=1,,￥,51,,,积分专享,￥null,88
318,【全款直邮】【各平台特典】本月少女 LOONA - [&amp;] / 4TH MINI ALBUM,https://si.geilicdn.com/pcitem881578129-4d5c0000017a044e91380a21348d_500_500.jpg.webp?w=640&h=640&cp=1,,￥,120,,,积分专享,￥null,85
319,ASTRO - All Yours[全款直邮],https://si.geilicdn.com/pcitem881578129-711600000178587e5b6c0a20b7b9_333_333.jpg.webp?w=640&h=640&cp=1,,￥,85,,,积分专享,￥null,85
320,WayV - OFFICIAL FANLIGHT【全款直邮】,https://si.geilicdn.com/pcitem901564789785-7744000001847f7ef9b90a231179_1200_1200.jpg.webp?w=640&h=640&cp=1,,￥,228,,,积分专享,￥null,84
321,宇宙少女 - 专辑合集【全款直邮】,https://si.geilicdn.com/pcitem901564789785-0b3e00000185a0cf76710a22b3e4_1200_1200.jpg.webp?w=640&h=640&cp=1,,￥,55,,,积分专享,￥null,84
322,物流单号可查询【七站联合/everline预售特典】P1Harmony - FILM CAMERA &amp; PHOTO SET【全款直邮】,https://si.geilicdn.com/wdseller901564789785-564500000182ca1b3cb50a22b3e4_700_700.jpg.webp?w=640&h=640&cp=1,,￥,130,,,积分专享,￥null,82
323,H1-KEY - Athletic Girl【全款直邮】,https://si.geilicdn.com/pcitem901564789785-6afb0000017e65bde3c50a22d30f_450_450.jpg.webp?w=640&h=640&cp=1,,￥,64,,,积分专享,￥null,82
324,IVE - ELEVEN官方周边【全款直邮】,https://si.geilicdn.com/pcitem901564789785-28d40000017da47627690a20e672_1200_1200.jpg.webp?w=640&h=640&cp=1,,￥,50,,,积分专享,￥null,82
325,【全款直邮】 ENHYPEN 2021 FANMEETING [EN-CONNECT] DVD,https://si.geilicdn.com/pcitem881578129-107b00000179e96b1f290a217216_1080_1296.jpg.webp?w=640&h=640&cp=1,库存紧张,￥,255,,,积分专享,￥null,80
326,【林娜琏锁店_Nayeon/3.9截止/预售特典】TWICE - 12th Mini Album 「READY TO BE」【全款直邮】,https://si.geilicdn.com/pcitem901564789785-6f9c00000186168e217d0a23136f_680_680.jpg.webp?w=640&h=640&cp=1,新品,￥,83,,,积分专享,￥null,80
327,【韩国直邮】【全款】APINK - PINK SPACE 2018 BEHIND BOOK,https://si.geilicdn.com/pcitem881578129-4756000001780557bfe30a21c2a8_450_450.jpg.webp?w=640&h=640&cp=1,,￥,60,,,积分专享,￥null,80
328,【售罄即止/不可退款】BTS - 官方周边 清仓特卖【全款直邮】,https://si.geilicdn.com/pcitem901564789785-51ab0000017bbf132cba0a20e284_2448_2446.jpg.webp?w=640&h=640&cp=1,,￥,1,,,积分专享,￥null,80
329,【快递单号可查询】【YoungK_Burger姜永晛家汉堡店】DAY6 - EVEN OF DAY 快闪周边2.0【全款直邮】,https://si.geilicdn.com/pcitem901564789785-1e2e0000017d5ab54abe0a20e35c_429_429.jpg.webp?w=640&h=640&cp=1,,￥,0,0.1,,积分专享,￥null,77
330,【全款直邮】 BLACK PINK - SPECIAL EDITION [How You Like That] ,https://si.geilicdn.com/pcitem881578129-63a50000017794c35adf0a217216_450_450.jpg.webp?w=640&h=640&cp=1,,￥,85,,,积分专享,￥null,76
331,泫雅 HyunA - NABILRERA (8TH MINI ALBUM)【全款直邮】),https://si.geilicdn.com/pcitem901564789785-4d6600000181fc280f180a231273_450_450.jpg.webp?w=640&h=640&cp=1,,￥,68,,,积分专享,￥null,76
332,【售罄无补/不可退款】EXO/X1/GOT7/NU'EST/ WINNER/姜丹尼尔/IKON 官方周边 特价清仓【全款直邮/现货】,https://si.geilicdn.com/pcitem901564789785-394f0000017bc3ebfa2a0a20e7c7_2448_2446.jpg.webp?w=640&h=640&cp=1,,￥,1,,,积分专享,￥null,76
333,day6 band light stick【全款直邮】,https://si.geilicdn.com/wdseller881578129-18f000000175468a34d90a21c2a8_500_500.jpg.webp?w=640&h=640&cp=1,,￥,234,,,积分专享,￥null,74
334,【定延吧联合活动/WM特典】TWICE - 12th Mini Album 「READY TO BE」【全款直邮】】,https://si.geilicdn.com/pcitem901564789785-227b0000018619d5210d0a22d246_1024_1024.jpg.webp?w=640&h=640&cp=1,,￥,264,,,积分专享,￥null,73
335,TXT - MOA X TOGETHER官方周边【全款直邮】,https://si.geilicdn.com/pcitem901564789785-62770000017f5a4446350a20e284_1200_1200.jpg.webp?w=640&h=640&cp=1,,￥,28,,,积分专享,￥null,73
336,IVE - OFFICIAL LIGHT STICK【3月中】【全款直邮】,https://si.geilicdn.com/pcitem901564789785-7d0e00000185ecae0d6e0a22d1c8_1042_1042.jpg.webp?w=640&h=640&cp=1,,￥,233,,,积分专享,￥null,72
337,【全款直邮】NCT DREAM - Hot Sauce (JEWEL CASE VER),https://si.geilicdn.com/pcitem881578129-4979000001797d29d4db0a217205_450_450.jpg.webp?w=640&h=640&cp=1,,￥,72,,,积分专享,￥null,72
338,【5.22截止/预售特典】GOT7 - GOT7【全款直邮】,https://si.geilicdn.com/pcitem901564789785-0ef000000180b1ed39e80a22b3e4_450_450.jpg.webp?w=640&h=640&cp=1,,￥,73,,,积分专享,￥null,70
339,【预售特典】WEEEKLY - PLAY GAME : HOLIDAY (4ND 迷你专辑)预售,https://si.geilicdn.com/pcitem901564789785-5d450000017ac7b355890a20e2c5_450_450.jpg.webp?w=640&h=640&cp=1,,￥,3,,,积分专享,￥null,70
340,【韩国直邮】防弹少年团BTS- 正规2辑 [WINGS],https://si.geilicdn.com/pcitem881578129-077d0000017795a3af030a217205_450_450.jpg.webp?w=640&h=640&cp=1,,￥,85,,,积分专享,￥null,69
341,【韩国直邮】【全款】APINK-10周年周边,https://si.geilicdn.com/pcitem881578129-706500000177fae32d7e0a21348d_1008_4096.jpg.webp?w=640&h=640&cp=1,,￥,61,,,积分专享,￥null,69
342,Treasure - Official Light Stick【全款直邮】,https://si.geilicdn.com/pcitem901564789785-70e60000017a3173efa30a217216_1440_1728.jpg.webp?w=640&h=640&cp=1,,￥,220,,,积分专享,￥null,67
343,【现货】【全款直邮】 LEMONA 【TWICE代言】【功效可选】【下单不退】,https://si.geilicdn.com/wdseller901564789785-30980000017aa4b0cc680a20e7c7_1000_1000.jpg.webp?w=640&h=640&cp=1,,￥,128,,,积分专享,￥null,67
344,【黄旼炫观星台_Observatory89/2.24截止/WVS特典】黄旼炫-Truth or Lie【全款直邮】,https://si.geilicdn.com/pcitem901562401188-20020000018658b7d7260a2313c4_450_450.jpg.webp?w=640&h=640&cp=1,,￥,44,,,积分专享,￥null,67
345,【韩国现货/售罄截止】HAPPY BIRTHDAY Weeekly「官方周边」【有满额卡】,https://si.geilicdn.com/pcitem901564789785-5a690000017a5c8f564e0a21c2a8_1500_1500.jpg.webp?w=640&h=640&cp=1,,￥,1,,,积分专享,￥null,61
346,BTS - Holiday Special Box【全款直邮】,https://si.geilicdn.com/pcitem901564789785-2ded0000017d6f602b430a20e7c7_1440_1728.jpg.webp?w=640&h=640&cp=1,,￥,272,,,积分专享,￥null,60
347,【4月初】【送官方特典闪卡1套】ASTRO手灯 荧光棒 ver.2,https://si.geilicdn.com/wdseller881578129-1df800000175bcb659360a217216-unadjust_500_500.jpeg.webp?w=640&h=640&cp=1,,￥,215,,,积分专享,￥null,60
348,【wm/ma特别签售特典】KEP1ER - DOUBLAST (2ND 迷你专辑)【全款直邮】,https://si.geilicdn.com/pcitem901564789785-6eac000001818437d91d0a2313e0_1440_1440.jpg.webp?w=640&h=640&cp=1,,￥,97,,,积分专享,￥null,59
349,ONEUS - 专辑合集【全款直邮】,https://si.geilicdn.com/pcitem901564789785-62d00000017d5022d6110a20e284_1200_1200.jpg.webp?w=640&h=640&cp=1,,￥,52,,,积分专享,￥null,59
350,【全款直邮】WOO!AH!  - WISH,https://si.geilicdn.com/pcitem881578129-0f26000001798eda0e910a217205_450_450.jpg.webp?w=640&h=640&cp=1,,￥,59,,,积分专享,￥null,57
351,【5.12截止/DMM特典】ONEUS - TRICKSTER (7TH mini专辑) 【全款直邮】,https://si.geilicdn.com/pcitem901564789785-69b900000180a5e4dce70a21146b_1082_2048.jpg.webp?w=640&h=640&cp=1,,￥,38,,,积分专享,￥null,54
352,ENHYPEN - 2023官方台历/挂历【全款直邮】,https://si.geilicdn.com/pcitem901564789785-7b8500000184d10abdc00a22d30f_2000_2000.jpg.webp?w=640&h=640&cp=1,,￥,221,,,积分专享,￥null,53
353,物流单号可查询/KEY - Gasoline官方周边 二轮【全款直邮】,https://si.geilicdn.com/pcitem901564789785-330b00000183b5604e8d0a22d246_1200_1200.jpg.webp?w=640&h=640&cp=1,,￥,69,,,积分专享,￥null,53
354,DREAMCATCHER - Official Light Stick【全款直邮】,https://si.geilicdn.com/pcitem901564789785-2aab00000181001a6ca70a21146b_300_300.jpg.webp?w=640&h=640&cp=1,,￥,83,,,积分专享,￥null,52
355,【LilyM朴珍_ToMorrowGarden/联合活动/everline特典】NMIXX - 1st EP expérgo 一般盘【全款直邮】】,https://si.geilicdn.com/pcitem901564789785-624300000186492a247d0a813470_1024_1024.jpg.webp?w=640&h=640&cp=1,,￥,156,,,积分专享,￥null,51
356,TWICE -迷你灯 送手灯卡可许愿【韩国直邮】【全款现货】,https://si.geilicdn.com/pcitem881578129-55060000017812390f210a21c2a7_500_500.jpg.webp?w=640&h=640&cp=1,,￥,135,,,积分专享,￥null,50
357,【全款直邮】SEVENTEEN 8th 'Your Choice',https://si.geilicdn.com/pcitem881578129-71e9000001797d4c433b0a217216_200_200.jpg.webp?w=640&h=640&cp=1,,￥,86,,,积分专享,￥null,49
358,请夏 - 专辑合集【全款直邮】,https://si.geilicdn.com/pcitem901564789785-076a0000017d478d84f90a20e7c7_1200_1200.jpg.webp?w=640&h=640&cp=1,,￥,52,,,积分专享,￥null,49
359,【韩国发货】【拆卡带专】NCT #127 WE ARE SUPERHUMAN KINO,https://si.geilicdn.com/pcitem881578129-212100000177b5cb5ff80a20b7b9_450_450.jpg.webp?w=640&h=640&cp=1,库存紧张,￥,25,,,积分专享,￥null,48
360,【韩国直邮】【全款】ITZY - 'NO BAD DAYS' SET,https://si.geilicdn.com/pcitem881578129-585500000177df05aa2c0a217205_500_500.jpg.webp?w=640&h=640&cp=1,,￥,235,,,积分专享,￥null,46
361,CRAVITY - OFFICIAL LIGHT STICK【全款直邮】,https://si.geilicdn.com/pcitem901564789785-32d600000185a4a109360a207569_1000_1000.jpg.webp?w=640&h=640&cp=1,,￥,195,,,积分专享,￥null,46
362,【YG特典1:1赠送 】LISA PHOTOBOOK VOL.2 -SECOND EDITION- lisa 写真II 【全款直邮】,https://si.geilicdn.com/pcitem881578129-2cff000001783deb90460a217205-unadjust_679_413.png.webp?w=640&h=640&cp=1&sd=5,,￥,175,,,积分专享,￥null,46
363,【全款直邮】RedVelvet-IRENE&amp;SeulG - MONSTER (1ST 迷你专辑)「版本随机」,https://si.geilicdn.com/pcitem901564789785-46f10000017a622ed4db0a217205_450_450.jpg.webp?w=640&h=640&cp=1,,￥,110,,,积分专享,￥null,45
364,NCT 127 - PHOTO PROJECTION KEY RING【全款直邮】,https://si.geilicdn.com/pcitem881578129-6d6e00000178443746a30a21c2a8_500_500.jpg.webp?w=640&h=640&cp=1,,￥,90,,,积分专享,￥null,44
365,【3.1截止/WM签售特典】LIMELIGHT-LOVE &amp; HAPPINESS- 1ST DEBUT EP ALBUM【全款直邮】,https://si.geilicdn.com/pcitem901740208237-0b3a0000018692179dfc0a20e35c-unadjust_809_790.png.webp?w=640&h=640&cp=1&sd=5,新品,￥,84,,,积分专享,￥null,44
366,【6.7截止/预售特典】WOO!AH! - JOY (1ST 迷你专辑)【全款直邮】,https://si.geilicdn.com/pcitem901564789785-281000000181000feb2e0a207569_450_450.jpg.webp?w=640&h=640&cp=1,,￥,72,,,积分专享,￥null,44
367,【YG特典】LISA -LALISA写真 [SPECIAL EDITION]【全款直邮】,https://si.geilicdn.com/pcitem901564789785-27f00000017d98e31ed50a20e7c7_1500_1500.jpg.webp?w=640&h=640&cp=1,,￥,240,,,积分专享,￥null,43
368,【10.11截止/AM/k4/DMM特典】权恩妃 - 3rd Mini Album [Lethality]【全款直邮】,https://si.geilicdn.com/pcitem901564789785-705b0000018382596e7d0a231179_450_450.jpg.webp?w=640&h=640&cp=1,,￥,68,,,积分专享,￥null,43
369,BTS - BE (Deluxe Edition)初回限定盘【全款直邮】,https://si.geilicdn.com/pcitem901564789785-2b730000017d143cd9620a21146b_450_450.jpg.webp?w=640&h=640&cp=1,,￥,178,,,积分专享,￥null,42
370,【金紫萝的啵啵奶茶店/3.3截止/签售/预售特典】Cherry Bullet - 迷你3辑 [Cherry Dash]【全款直邮】,https://si.geilicdn.com/pcitem901564789785-51c8000001867d6c13bd0a8133ca-unadjust_720_864.png.webp?w=640&h=640&cp=1&sd=5,新品,￥,87,,,积分专享,￥null,42
371,CLASS:y - OFFICIAL MD_ACRYLIC LIGHT STICK【全款直邮】,https://si.geilicdn.com/pcitem901564789785-2563000001821edc556e0a230368_500_500.jpg.webp?w=640&h=640&cp=1,,￥,97,,,积分专享,￥null,41
372,【售罄即止/不可退款】IU/Red Velvet/(G)i-dle/太妍官方周边 清仓【全新未拆/全款直邮】,https://si.geilicdn.com/pcitem901564789785-6f570000017bd829c3f00a21146b_2448_2446.jpg.webp?w=640&h=640&cp=1,,￥,29,,,积分专享,￥null,41
373,【物流单号可查询】NCT DREAM - HEALING KIT【全款直邮】,https://si.geilicdn.com/pcitem901564789785-2029000001848a0016d80a2313a2_700_700.jpg.webp?w=640&h=640&cp=1,,￥,273,,,积分专享,￥303,40
374, 少女时代 -  Official Light Stick【全款直邮】,https://si.geilicdn.com/pcitem881578129-7aad00000179281164790a217205_800_800.jpg.webp?w=640&h=640&cp=1,,￥,235,,,积分专享,￥null,40
375,Apink - Special Album [HORN] 【全款直邮】,https://si.geilicdn.com/pcitem901564789785-06b70000017e9a3342bd0a22e1f2_450_450.jpg.webp?w=640&h=640&cp=1,,￥,82,,,积分专享,￥null,39
376,【5.22截止/WM幸运卡特典】TNX  - WAY UP (1ST 迷你专辑)【全款直邮】,https://si.geilicdn.com/pcitem901564789785-32a300000180d23a66a90a8133ca_1200_1200.jpg.webp?w=640&h=640&cp=1,,￥,98,,,积分专享,￥null,38
377,【韩国直邮】【全款】TWICE - TWICE TV5 : TWICE IN SWITZERLAND PHOTOBOOK,https://si.geilicdn.com/pcitem881578129-236c000001779c8ce1960a20b7b9_500_500.jpg.webp?w=640&h=640&cp=1,,￥,130,,,积分专享,￥null,36
378,Semantic Error 语义错误 - Script book剧本/漫画/写真集【全款直邮】,https://si.geilicdn.com/pcitem901564789785-419a0000018050e4c19e0a22d246_1200_1200.jpg.webp?w=640&h=640&cp=1,,￥,99,,,积分专享,￥null,36
379,【全款直邮】WAYV - [KICK BACK],https://si.geilicdn.com/pcitem881578129-00eb00000179696c33bc0a20b7b9_450_450.jpg.webp?w=640&h=640&cp=1,,￥,97,,,积分专享,￥null,35
380,【名井南Mina_tion/3.9截止/预售特典】TWICE - 12th Mini Album 「READY TO BE」【全款直邮】,https://si.geilicdn.com/pcitem901564789785-6f9c00000186168e217d0a23136f_680_680.jpg.webp?w=640&h=640&cp=1,新品,￥,83,,,积分专享,￥null,35
381,BTS - Premium Photo「成员可选」【全款现货】,https://si.geilicdn.com/pcitem901564789785-78e60000017baad3368f0a20e7c7_1440_1728.jpg.webp?w=640&h=640&cp=1,,￥,55,,,积分专享,￥null,35
382,【10.12截止/MS/AM/aladin/k4/新娜拉特典】Kep1er - 迷你三辑[TROUBLESHOOTER]一般盘【全款直邮】,https://si.geilicdn.com/pcitem901564789785-37b800000183abf074470a23136f_680_680.jpg.webp?w=640&h=640&cp=1,,￥,67,,,积分专享,￥null,34
383,【现货】NCT neo zone 交通卡【全款直邮】,https://si.geilicdn.com/pcitem881578129-366e0000017843c387310a217205_500_500.jpg.webp?w=640&h=640&cp=1,库存紧张,￥,30,,,积分专享,￥null,33
384,【售罄截止/DMM/MS/MMT等应募特典】PURPLE KISS - HIDE &amp; SEEK (2ND迷你专辑),https://si.geilicdn.com/pcitem901564789785-759f0000017b7decbd020a20e7c7_2448_2446.jpg.webp?w=640&h=640&cp=1,,￥,1,,,积分专享,￥null,33
385,【全款直邮】【各平台特典】Brave Girls - Summer Queen,https://si.geilicdn.com/pcitem881578129-13da0000017a06173da80a21348d_450_450.jpg.webp?w=640&h=640&cp=1,,￥,83,,,积分专享,￥null,31
386,【全款直邮】威神WAYV - TAKE OVER THE MOON,https://si.geilicdn.com/pcitem881578129-7262000001785fef98a10a21348d_450_450.jpg.webp?w=640&h=640&cp=1,,￥,104,,,积分专享,￥null,30
387,【韩国现货发直邮】【全款】TWICE-2020官方台历周边 长袖T恤卫衣 2种颜色可选,https://si.geilicdn.com/pcitem881578129-116a00000177a4fb30100a21c2a7-unadjust_500_500.png.webp?w=640&h=640&cp=1&sd=5,,￥,275,,,积分专享,￥null,29
388,【殷辉_SquirrelPark/成员可选/3.10截止/BANDINA特别特典2.0】TNX - Love Never Dies【全款直邮】,https://si.geilicdn.com/pcitem901564789785-085a00000186a2b1e2d90a813470_1280_1280.jpg.webp?w=640&h=640&cp=1,新品,￥,74,,,积分专享,￥null,28
389,【全款直邮】Apink 8周年自拍书,https://si.geilicdn.com/pcitem881578129-30ff000001787360115f0a20b7b9_500_500.jpg.webp?w=640&h=640&cp=1,,￥,46,,,积分专享,￥null,28
390,【两站联合/3.3截止/everline幸运卡特典】tripleS-[ASSEMBLE]-1st mini album【全款直邮】,https://si.geilicdn.com/pcitem901740208237-789e000001869ae0ebf00a2102d0-unadjust_670_585.png.webp?w=640&h=640&cp=1&sd=5,新品,￥,131,,,积分专享,￥null,27
391,机智的医生生活-特别专辑2CD【全款直邮】,https://si.geilicdn.com/pcitem901564789785-3aaa0000017bf2736abe0a20e7c7_450_450.jpg.webp?w=640&h=640&cp=1,,￥,109,,,积分专享,￥null,27
392,【韩国现货】BTS - 2021BTS DALMAJUNG官方周边 【全款直邮】,https://si.geilicdn.com/pcitem901564789785-6dc80000017bed64ae670a20e35c_1200_1200.jpg.webp?w=640&h=640&cp=1,,￥,59,,,积分专享,￥null,27
393,【物流单号可查询】KEY - Gasoline官方周边 一轮【全款直邮】,https://si.geilicdn.com/pcitem901564789785-643c000001836a3f33c50a2301a5_1080_1080.jpg.webp?w=640&h=640&cp=1,,￥,22,,,积分专享,￥null,27
394,【特惠】ASTRO - mini8辑 SWITCH ON【全款直邮】「版本可选」,https://si.geilicdn.com/pcitem901589846746-2d410000017d385d07830a20e672_500_500.jpg.webp?w=640&h=640&cp=1,,￥,70,,,积分专享,￥null,26
395,STAYC-Teddy Bear [Digipack Ver.]-4thSingle Album【全款直邮】,https://si.geilicdn.com/pcitem901740208237-4891000001864899d9bd0a231418-unadjust_617_617.png.webp?w=640&h=640&cp=1&sd=5,,￥,54,,,积分专享,￥null,26
396,【MMT/MK特典】BRAVE GIRLS - AFTER WE RIDE (5辑后续）【全款直邮】,https://si.geilicdn.com/pcitem901564789785-1c290000017b4874af3a0a20e7c7_397_397.jpg.webp?w=640&h=640&cp=1,,￥,3,,,积分专享,￥null,26
397, 宇宙少女 - WJSN OFFICIAL LIGHT STICK VER.2【全款直邮】,https://si.geilicdn.com/pcitem881578129-42ea000001796fc8a2f00a20b7b9_1000_1000.jpg.webp?w=640&h=640&cp=1,,￥,213,,,积分专享,￥null,25
398,"物流BTS Jimin - Folio Me, Myself, and Jimin ‘ID : Chaos’【全款直邮】",https://si.geilicdn.com/pcitem901564789785-7c2d00000183874e838d0a22d3fa_1242_1450.jpg.webp?w=640&h=640&cp=1,,￥,178,,,积分专享,￥null,25
399,【成员可选/3.10截止/BANDINA特别特典2.0】TNX - Love Never Dies【全款直邮】,https://si.geilicdn.com/pcitem901564789785-085a00000186a2b1e2d90a813470_1280_1280.jpg.webp?w=640&h=640&cp=1,新品,￥,74,,,积分专享,￥null,25
400,【WD签售特典】Whee In - WHEE / 2ND MINI ALBUM【全款直邮】,https://si.geilicdn.com/pcitem901564789785-52490000017e4d90ef610a22e1f2_1200_1200.jpg.webp?w=640&h=640&cp=1,,￥,98,,,积分专享,￥null,24
401,【售罄截止/M2U特典】权恩妃 - 2nd Mini Album [Color]【全款直邮】,https://si.geilicdn.com/pcitem901564789785-55540000017ff238e88e0a22e1f2_746_746.jpg.webp?w=640&h=640&cp=1,,￥,85,,,积分专享,￥null,23
402,"SUGA - Special 8 Photo-Folio Me, Myself, and SUGA ‘Wholly or Whole me’【全款直邮】",https://si.geilicdn.com/pcitem901564789785-38950000018672115ce20a20e672-unadjust_720_864.png.webp?w=640&h=640&cp=1&sd=5,,￥,184,,,积分专享,￥null,21
403,奇怪的律师禹英雨 - 电视剧 ost 【全款直邮】,https://si.geilicdn.com/pcitem901564789785-181c00000182a4b2d3300a231418_450_450.jpg.webp?w=640&h=640&cp=1,,￥,123,,,积分专享,￥null,21
404,CLC-专辑合集【全款直邮】「版本可选」,https://si.geilicdn.com/pcitem901564789785-614e0000017a8e33e0b40a20e273_450_450.jpg.webp?w=640&h=640&cp=1,,￥,86,,,积分专享,￥null,21
405,【6.20截止/预售/签售特典】KARD - Re: (5th 迷你专辑)【全款直邮】,https://si.geilicdn.com/pcitem901564789785-3aed000001814bd3447e0a22b3e4_1080_1080.jpg.webp?w=640&h=640&cp=1,,￥,74,,,积分专享,￥null,21
406,kep1er -  Official Light Stick【全款直邮】,https://si.geilicdn.com/pcitem901564789785-582400000183d63b58800a231273_1600_1600.jpg.webp?w=640&h=640&cp=1,,￥,204,,,积分专享,￥null,20
407,【售罄截止】【WD线下特典】JAY B - JAY B 1ST EP ALBUM [SOMO:FUME]【全款直邮】,https://si.geilicdn.com/pcitem901564789785-59bf0000017b910579a30a20e35c_750_750.jpg.webp?w=640&h=640&cp=1,库存紧张,￥,108,,,积分专享,￥null,20
408,【3.3截止/everline签售特典】LIMELIGHT-LOVE &amp; HAPPINESS- 1ST DEBUT EP ALBUM【全款直邮】,https://si.geilicdn.com/pcitem901740208237-28fb000001869c1a9a000a207569-unadjust_891_764.png.webp?w=640&h=640&cp=1&sd=5,新品,￥,93,,,积分专享,￥null,20
409,CHERRY BULLET - 专辑合集【全款直邮】,https://si.geilicdn.com/pcitem901564789785-322d000001816b69ca6c0a2104c1_1200_1200.jpg.webp?w=640&h=640&cp=1,,￥,65,,,积分专享,￥null,20
410,崔珉豪 -  CHASE官方周边【全款直邮】,https://si.geilicdn.com/pcitem901564789785-2cae00000185d3a88a230a8134f0_680_680.jpg.webp?w=640&h=640&cp=1,,￥,23,,,积分专享,￥null,20
411,【售罄即止/不可退款】WANNA·ONE 官方MD 清仓折扣【全新未拆/全款直邮】,https://si.geilicdn.com/pcitem901564789785-38590000017bb95937bb0a20e35c_2448_2446.jpg.webp?w=640&h=640&cp=1,,￥,19,,,积分专享,￥null,20
412,【售罄截止】权恩妃 - The Fist Photobook [Silver Rain]【全款直邮】,https://si.geilicdn.com/pcitem901564789785-7fd00000017c268f3a360a20e7c7_500_500.jpg.webp?w=640&h=640&cp=1,,￥,238,,,积分专享,￥null,20
413,【全款直邮】DAY6 'PETIT DENIMALZ MINI PLUSH DOLL 2021 DOLL 娃娃【DAY6 2021娃娃】,https://si.geilicdn.com/pcitem881578129-68b500000178fc4b084a0a21c2a8-unadjust_705_631.png.webp?w=640&h=640&cp=1&sd=5,,￥,71,,,积分专享,￥null,19
414,【2.16截止/HANNI、林娜琏、安宥真、金采源、宋江】杂志Marie Claire Korea2023年3月号【全款直邮】,https://si.geilicdn.com/pcitem901740208237-1e4b000001864f35cf840a2313c4_1299_1683.jpg.webp?w=640&h=640&cp=1,,￥,36,,,积分专享,￥null,19
415,【全款直邮】 twice 夏威夷挂画,https://si.geilicdn.com/pcitem881578129-13f10000017879b3a47d0a217216_500_500.jpg.webp?w=640&h=640&cp=1,库存紧张,￥,180,,,积分专享,￥null,18
416, LIGHTSUM - Light a Wish【全款直邮】,https://si.geilicdn.com/pcitem901564789785-22da0000017c269e10880a21146b_500_500.jpg.webp?w=640&h=640&cp=1,,￥,74,,,积分专享,￥null,18
417,【韩国现货】NCT x SANRIO TOWN 官方周边 生日盒子【全款直邮】,https://si.geilicdn.com/pcitem901564789785-028200000185cddb48320a2313c4_600_600.jpg.webp?w=640&h=640&cp=1,,￥,275,,,积分专享,￥null,17
418,【全款直邮】G-DRAGON - 权志龙 (EP)USB专辑,https://si.geilicdn.com/pcitem901564789785-33390000017a31a9b1ec0a217216_450_450.jpg.webp?w=640&h=640&cp=1,,￥,158,,,积分专享,￥null,17
419,【韩国现货发直邮】【全款】TWICE-耳机保护套 现货,https://si.geilicdn.com/pcitem881578129-130300000177a4f0374a0a21c2a8_500_500.jpg.webp?w=640&h=640&cp=1,库存紧张,￥,90,,,积分专享,￥null,17
420,李俊昊 - 2022 FAN-CON DVD&amp;蓝光【全款直邮】,https://si.geilicdn.com/pcitem901564789785-1ea20000018607d58c1f0a231179_680_680.jpg.webp?w=640&h=640&cp=1,,￥,249,,,积分专享,￥null,16
421,【韩国直邮】【全款】APINK-迷你灯,https://si.geilicdn.com/pcitem881578129-580200000178146dc4480a217216_500_500.jpg.webp?w=640&h=640&cp=1,,￥,149,,,积分专享,￥null,16
422,【金紫萝的啵啵奶茶店/3.17截止/全员亲笔签名专辑】Cherry Bullet - 迷你3辑 [Cherry Dash]【全款直邮】,https://si.geilicdn.com/pcitem901564789785-43550000018678ac6b580a231447_680_680.jpg.webp?w=640&h=640&cp=1,,￥,192,,,积分专享,￥null,15
423,【黄旼炫观星台_Observatory89 /3.2截止/M2U/PST/SW幸运卡特典】黄旼炫-Truth or Lie【全款直邮】,https://si.geilicdn.com/pcitem901740208237-753900000186960837f90a21146b-unadjust_999_811.png.webp?w=640&h=640&cp=1&sd=5,新品,￥,110,,,积分专享,￥null,15
424,TWICE - LOVELY BLUETOOTH SPEAKER 【全款直邮】,https://si.geilicdn.com/pcitem881578129-1194000001782183368f0a21c2a7_500_500.jpg.webp?w=640&h=640&cp=1,,￥,399,,,积分专享,￥null,14
425,【韩国现货】EXO - 迷你灯【全款直邮】,https://si.geilicdn.com/pcitem881578129-428800000178886ac0780a20b7b9_800_800.jpg.webp?w=640&h=640&cp=1,,￥,95,,,积分专享,￥null,14
426,TNX  - WAY UP (1ST 迷你专辑)【全款直邮】,https://si.geilicdn.com/pcitem901564789785-657e000001809942f8400a231273_450_450.jpg.webp?w=640&h=640&cp=1,,￥,76,,,积分专享,￥null,14
427,【韩国直邮】THE BOYZ - 07 随机卡 / THE FILM FESTIVAL,https://si.geilicdn.com/pcitem881578129-39380000017821e3bd9f0a20b7b9_1000_1243.jpg.webp?w=640&h=640&cp=1,,￥,45,,,积分专享,￥null,14
428,【全款直邮】BTS交通卡,https://si.geilicdn.com/pcitem881578129-7bda000001790825f0e20a21c2a7_1080_1440.jpg.webp?w=640&h=640&cp=1,,￥,30,,,积分专享,￥null,14
429,【everline特典】YEIN - 2022 WELCOMING KIT【全款直邮】,https://si.geilicdn.com/pcitem901564789785-6b760000017e482a0d0b0a22d30f_500_500.jpg.webp?w=640&h=640&cp=1,库存紧张,￥,189,,,积分专享,￥null,13
430,【韩国直邮】【全款】TWICE - TWICE TV4 DVD,https://si.geilicdn.com/pcitem881578129-0a0d00000177e8e5c4260a217205_500_500.jpg.webp?w=640&h=640&cp=1,,￥,118,,,积分专享,￥null,13
431,【TNX成员禹庆准站/成员可选/3.10截止/BANDINA特别特典2.0】TNX - Love Never Dies【全款直邮】,https://si.geilicdn.com/pcitem901564789785-085a00000186a2b1e2d90a813470_1280_1280.jpg.webp?w=640&h=640&cp=1,新品,￥,74,,,积分专享,￥null,13
432,【2.18截止】IU-杂志HARPER'S BAZAAR-2023年3月号【全款直邮】,https://si.geilicdn.com/pcitem901740208237-768d0000018657fd86500a2104c1_1200_1200.jpg.webp?w=640&h=640&cp=1,,￥,40,,,积分专享,￥null,13
433,【7月26截止】本月少女 LOONA - 2022 (LOOПΔ) SUMMER PACKAGE【全款直邮】,https://si.geilicdn.com/pcitem901564789785-09b000000182194b88340a813470_1600_1600.jpg.webp?w=640&h=640&cp=1,,￥,202,,,积分专享,￥null,12
434," J-hope - Special 8 Photo-Folio Me, Myself, and j-hope ‘All New Hope’【全款直邮】",https://si.geilicdn.com/pcitem901740208237-573f0000018610c2ceac0a231447-unadjust_1440_1728.png.webp?w=640&h=640&cp=1&sd=5,,￥,184,,,积分专享,￥null,12
435,【韩国直邮】【全款】APINK- 写真(GIRL’S SWEET REPOSE),https://si.geilicdn.com/pcitem881578129-491400000178054584370a20b7b9_450_450.jpg.webp?w=640&h=640&cp=1,,￥,150,,,积分专享,￥null,12
436,(G)I-DLE - 迷你手灯/钥匙扣【全款直邮】,https://si.geilicdn.com/pcitem901564789785-3a40000001859bbf01c60a21146b_300_300.jpg.webp?w=640&h=640&cp=1,,￥,111,,,积分专享,￥null,12
437,全款直邮】GFRIEND - 回:WALPURGIS NIGHT,https://si.geilicdn.com/pcitem901564789785-164f0000017a32147d3d0a21c2a8_450_450.jpg.webp?w=640&h=640&cp=1,,￥,104,,,积分专享,￥null,12
438,【全款直邮】WANNA ONE - 1÷Χ=1 (UNDIVIDED) (特别专辑),https://si.geilicdn.com/pcitem901564789785-15c50000017a6f9f63d00a21146b_450_450.jpg.webp?w=640&h=640&cp=1,,￥,95,,,积分专享,￥null,12
439,【售罄截止/不可退款】DAY6 - 官方周边 清仓特卖【全款直邮/现货】,https://si.geilicdn.com/pcitem901564789785-07350000017bc3aecfeb0a20e273_2448_2446.jpg.webp?w=640&h=640&cp=1,,￥,49,,,积分专享,￥null,12
440,Kep1er - 专辑合集【全款直邮】,https://si.geilicdn.com/pcitem901564789785-090900000185a0e8f5700a22d3fa_1200_1200.jpg.webp?w=640&h=640&cp=1,,￥,46,,,积分专享,￥null,12
441,本月少女 LOONA - OFFICIAL LIGHT STICK官方周边手灯【全款直邮】,https://si.geilicdn.com/wdseller881578129-2bf000000175bcbc19f40a217205-unadjust_500_500.jpeg.webp?w=640&h=640&cp=1,,￥,235,,,积分专享,￥null,11
442,【10.15截止/WM/SW/M2U幸运卡特典】Kep1er - 迷你三辑[TROUBLESHOOTER]一般盘【全款直邮】,https://si.geilicdn.com/pcitem901564789785-006e00000183d007f9640a2102d0_1724_1654.jpg.webp?w=640&h=640&cp=1,,￥,255,,,积分专享,￥null,10
443,【Puppytate/2.25截止/DMM签售特典】8TURN -8TURNRISE-The 1st Mini Album【全款直邮】,https://si.geilicdn.com/pcitem901564789785-2d68000001868147a8810a813276_1436_2204.jpg.webp?w=640&h=640&cp=1,新品,￥,80,,,积分专享,￥null,10
444,【全款直邮】WAYV - [KICK BACK] KIT,https://si.geilicdn.com/pcitem881578129-0a6700000179697192840a217216_450_450.jpg.webp?w=640&h=640&cp=1,,￥,111,,,积分专享,￥null,9
445,EPIK HIGH - Epik High Is Here【全款直邮】,https://si.geilicdn.com/pcitem901564789785-27660000017eebddfa720a21146b_450_450.jpg.webp?w=640&h=640&cp=1,,￥,108,,,积分专享,￥null,9
446,【3.1截止/WM签售特典】8TURN-8TURNRISE-The 1st Mini Album【全款直邮】,https://si.geilicdn.com/pcitem901740208237-10b2000001869233d47a0a20e35c-unadjust_1076_913.png.webp?w=640&h=640&cp=1&sd=5,新品,￥,78,,,积分专享,￥null,9
447,【韩国现货发直邮】TWICE-ONCE HALLOWEEN明信片,https://si.geilicdn.com/pcitem881578129-2673000001779fd238f00a21c2a8_887_1920.jpg.webp?w=640&h=640&cp=1,,￥,60,,,积分专享,￥null,9
448,【售罄即止/不可退款】APINK - 官方周边 清仓特卖【全款直邮】,https://si.geilicdn.com/pcitem901564789785-18a80000017bc0874cd60a21146b_2448_2446.jpg.webp?w=640&h=640&cp=1,库存紧张,￥,29,,,积分专享,￥null,9
449,2022 辉人 SEASON’S GREETINGS【全款直邮】,https://si.geilicdn.com/pcitem901564789785-4bae0000017d04f8e7d60a20e284_1500_1500.jpg.webp?w=640&h=640&cp=1,库存紧张,￥,215,,,积分专享,￥null,8
450,【全款直邮】GFRIEND - 回:LABYRINTH,https://si.geilicdn.com/pcitem901564789785-15c00000017a320e08a70a217205-unadjust_450_450.jpeg.webp?w=640&h=640&cp=1,,￥,104,,,积分专享,￥null,8
451,【3.27截止WVS、新娜拉、yes24预售特典/AM签售特典】BamBam-[Sour &amp; Sweet]-正规1辑 【全款直邮】,https://si.geilicdn.com/pcitem901740208237-71fa0000018696515b2f0a22d246-unadjust_797_770.png.webp?w=640&h=640&cp=1&sd=5,新品,￥,95,,,积分专享,￥null,8
452,SEVENTEEN HAPPY 【VERNON】 DAY BIRTHDAY BOX VER.2【全款直邮】,https://si.geilicdn.com/pcitem901564789785-03b0000001863b4d6ad00a231273-unadjust_1440_1728.png.webp?w=640&h=640&cp=1&sd=5,,￥,249,,,积分专享,￥null,7
453,【4.27截止】ONF - ONF 2021 LIVE CONTACT :: CODE #1. [REVERSE] DVD (2 DISC)【全款直邮】,https://si.geilicdn.com/pcitem901564789785-119c000001802b3041fb0a231179_600_600.jpg.webp?w=640&h=640&cp=1,库存紧张,￥,186,,,积分专享,￥null,7
454,LOONA - OFFICIAL LIGHT KEYRING 迷你灯钥匙扣【全款直邮】,https://si.geilicdn.com/pcitem881578129-2da60000017826caf9160a217205_500_500.jpg.webp?w=640&h=640&cp=1,,￥,135,,,积分专享,￥null,7
455,【韩国直邮】【全款】MAMAMOO - TRAVEL (10TH 미니앨범) DEEP GREEN VER,https://si.geilicdn.com/pcitem881578129-274300000177c9eaec840a21348d_450_450.jpg.webp?w=640&h=640&cp=1,库存紧张,￥,115,,,积分专享,￥null,7
456,【3.2截止/WM签售特典】TEMPEST-[ON and ON] -3RD MINI ALBUM 【全款直邮】,https://si.geilicdn.com/pcitem901740208237-074300000186924ea9cf0a20e284-unadjust_887_772.png.webp?w=640&h=640&cp=1&sd=5,新品,￥,87,,,积分专享,￥null,7
457,【8.18截止/MS特典】KARD - Re: (5th 迷你专辑)【全款直邮】,https://si.geilicdn.com/pcitem901564789785-1364000001829068308e0a20e273_798_798.jpg.webp?w=640&h=640&cp=1,,￥,75,,,积分专享,￥null,7
458,ONF - 专辑合集【全款直邮】,https://si.geilicdn.com/pcitem901564789785-3ab20000017d4c20820b0a20e2c5_1200_1200.jpg.webp?w=640&h=640&cp=1,,￥,65,,,积分专享,￥null,7
459,【韩国直邮】【全款现货】BRS-dynamite-limited edition cassette 磁带,https://si.geilicdn.com/pcitem881578129-04270000017811f38b720a217216_1080_1290.jpg.webp?w=640&h=640&cp=1,,￥,55,,,积分专享,￥null,7
460,APINK - Official Light Stick【韩国直邮】,https://si.geilicdn.com/pcitem881578129-1a1500000179be2b9a4a0a20b7b9_500_500.jpg.webp?w=640&h=640&cp=1,,￥,217,,,积分专享,￥null,6
461, TWICE5周年周边杂志 TWICE ZINE【韩国直邮】,https://si.geilicdn.com/pcitem881578129-39bd000001777571bfac0a21348d_500_500.jpg.webp?w=640&h=640&cp=1,,￥,167,,,积分专享,￥null,6
462,【韩国现货/售罄截止】SUPER JUNIOR - SUPER JUNIOR BOYS IN CITY SEASON 4. PARIS【全款直邮】,https://si.geilicdn.com/pcitem901564789785-5c3f000001809d32f42d0a20e35c_450_450.jpg.webp?w=640&h=640&cp=1,,￥,99,,,积分专享,￥null,6
463,【3.4截止/MS签售特典】TEMPEST-[ON and ON] -3RD MINI ALBUM 【全款直邮】,https://si.geilicdn.com/pcitem901740208237-0a96000001869b8a745e0a207569_1080_1080.jpg.webp?w=640&h=640&cp=1,新品,￥,77,,,积分专享,￥null,6
464,【韩国直邮】【全款】WOODZ (曹承衍) - SET / SINGLE  有wd闪卡,https://si.geilicdn.com/pcitem881578129-3fc700000177dee5f4680a217216_500_500.jpg.webp?w=640&h=640&cp=1,,￥,3,,,积分专享,￥null,6
465,LOONA ISLAND : 少女们邂逅的夏天 / 2020 SUMMER PACKAGE（本月少女夏日）,https://si.geilicdn.com/pcitem881578129-0708000001781a9642c70a217216_500_500.jpg.webp?w=640&h=640&cp=1,库存紧张,￥,279,,,积分专享,￥null,5
466,正品 SuperM-OFFICIAL FANLIGHT  SUPERM 官方手灯 【韩国现货包直邮】,https://si.geilicdn.com/wdseller881578129-6bcf00000175be332ce30a217205-unadjust_700_700.jpeg.webp?w=640&h=640&cp=1,库存紧张 包邮,￥,265,,,积分专享,￥null,5
467,【4.14截止/DMM特典】P1Harmony - 迷你3辑 : DISHARMONY : FIND OUT【全款直邮】,https://si.geilicdn.com/pcitem901564789785-3d0100000180025eff870a20e7c7_1436_1436.jpg.webp?w=640&h=640&cp=1,,￥,243,,,积分专享,￥null,5
468,【全款直邮】Apink 8周年卡册,https://si.geilicdn.com/pcitem881578129-24a50000017873592dd00a21348d_500_500.jpg.webp?w=640&h=640&cp=1,库存紧张,￥,105,,,积分专享,￥null,5
469,【特惠/售罄截止】KIM JAE JOONG(金在中) - MEMORIES OF 100 DAYS【全款直邮】,https://si.geilicdn.com/pcitem901564789785-59f1000001809d2482540a20e273_460_460.jpg.webp?w=640&h=640&cp=1,,￥,100,,,积分专享,￥null,5
470,【5.31截止/JJM签售特典】TNX  - WAY UP (1ST 迷你专辑)【全款直邮】,https://si.geilicdn.com/pcitem901564789785-30ae000001810eb9cf220a2104c1_1000_1061.jpg.webp?w=640&h=640&cp=1,,￥,96,,,积分专享,￥null,5
471,DAY6 - OFFICIAL MINI KEYRING【全款直邮】,https://si.geilicdn.com/pcitem901564789785-53780000017ad2004be40a20e672_500_500.jpg.webp?w=640&h=640&cp=1,,￥,95,,,积分专享,￥null,5
472,【全款直邮】GFRIEND - 回:SONG OF THE SIRENS,https://si.geilicdn.com/pcitem901564789785-12a00000017a3211c8a10a21c2a7_450_450.jpg.webp?w=640&h=640&cp=1,,￥,111,,,积分专享,￥null,4
473,【2.5截止/MP签售特典】NCT 127 - 正规四辑后续 'AY-YO' 【全款直邮】,https://si.geilicdn.com/pcitem901564789785-296d000001861a3c1ce80a22d30f-unadjust_878_648.png.webp?w=640&h=640&cp=1&sd=5,,￥,99,,,积分专享,￥null,4
474,【全款直邮】WANNA ONE) - 后续 [1-1=0 (NOTHING WITHOUT YOU)],https://si.geilicdn.com/pcitem901564789785-12c70000017a6fa7765c0a21c2a7_450_450.jpg.webp?w=640&h=640&cp=1,,￥,98,,,积分专享,￥null,4
475,【全款直邮】WANNA ONE - 0+1=1 (I PROMISE YOU) (2ND 迷你专辑),https://si.geilicdn.com/pcitem901564789785-15100000017a6f9cb4640a20e284_450_450.jpg.webp?w=640&h=640&cp=1,,￥,98,,,积分专享,￥null,4
476,WEKI MEKI - 专辑合集【全款直邮】预定,https://si.geilicdn.com/pcitem901564789785-68d70000017a94f24cbe0a21146b_450_450.jpg.webp?w=640&h=640&cp=1,,￥,77,,,积分专享,￥null,4
477,【5.27截止/MS签售特典】TNX  - WAY UP (1ST 迷你专辑)【全款直邮】,https://si.geilicdn.com/pcitem901564789785-7d3600000180fac823a20a231418_770_770.jpg.webp?w=640&h=640&cp=1,,￥,75,,,积分专享,￥null,4
478,【2.12截止】SUPER JUNIOR SIWON 2023生日快乐！【全款直邮】,https://si.geilicdn.com/pcitem901740208237-38e30000018634b90db00a207569_1080_1080.jpg.webp?w=640&h=640&cp=1,,￥,50,,,积分专享,￥null,4
479,[MOON BYUL] SELFISH KIHNO KIT【全款直邮】,https://si.geilicdn.com/pcitem881578129-43460000017892b9456a0a20b7b9-unadjust_948_720.png.webp?w=640&h=640&cp=1&sd=5,库存紧张,￥,265,,,积分专享,￥null,3
480,Apink - WIND BREAKER  防风衣 可选尺寸 ,https://si.geilicdn.com/wdseller881578129-47b800000176d26f9b5b0a217216-unadjust_500_500.jpeg.webp?w=640&h=640&cp=1,库存紧张,￥,129,,,积分专享,￥null,3
481,BTS - Official Light Stick Pen SE ver.【全款直邮】,https://si.geilicdn.com/pcitem901564789785-77080000017ca62e40730a20e35c_1242_1293.jpg.webp?w=640&h=640&cp=1,,￥,86,,,积分专享,￥null,3
482,【全款直邮】Kang Daniel -YELLOW (3RD 迷你3辑),https://si.geilicdn.com/pcitem901564789785-218c0000017a6fbe8d720a20e284_450_450.jpg.webp?w=640&h=640&cp=1,,￥,86,,,积分专享,￥null,3
483,【现货】NCT 127 - CASHBEE CARD 交通卡【全款直邮】,https://si.geilicdn.com/pcitem881578129-3c3c0000017843bb40650a20b7b9_1080_1440.jpg.webp?w=640&h=640&cp=1,,￥,30,,,积分专享,￥null,3
484,A.C.E - OFFICIAL LIGHT STICK 【全款直邮】,https://si.geilicdn.com/pcitem881578129-3a56000001798fa9a0df0a20b7b9_500_500.jpg.webp?w=640&h=640&cp=1,,￥,201,,,积分专享,￥null,2
485,Cherry Bullet -Official Light Stick【全款直邮】,https://si.geilicdn.com/pcitem901564789785-586b0000017c88aa54c40a20e273_700_700.jpg.webp?w=640&h=640&cp=1,,￥,195,,,积分专享,￥null,2
486,一代 VICTON - OFFICIAL LIGHT STICK【全款直邮】,https://si.geilicdn.com/wdseller881578129-134100000175467cc8600a20b7b9_1000_3872.jpg.webp?w=640&h=640&cp=1,,￥,194,,,积分专享,￥null,2
487,A.C.E - OFFICIAL MINI LIGHT KEYRING【全款直邮】,https://si.geilicdn.com/pcitem901564789785-1a2f0000017b347fce420a20e2c5_500_500.jpg.webp?w=640&h=640&cp=1,,￥,114,,,积分专享,￥null,2
488,【全款直邮】GFRIEND - THE AWAKENING (4TH 迷你专辑)版本可选,https://si.geilicdn.com/pcitem901564789785-032f0000017a31ff0ac00a21c2a8_450_450.jpg.webp?w=640&h=640&cp=1,,￥,84,,,积分专享,￥null,2
489,Apink -  JIGSAW PUZZLE / 2020 PINK WORLD【全款直邮】,https://si.geilicdn.com/pcitem881578129-063d000001781ce544710a217216_500_500.jpg.webp?w=640&h=640&cp=1,,￥,75,,,积分专享,￥null,2
490,东方神起 Official Light Stick 官方手灯 【韩国包直邮】,https://si.geilicdn.com/wdseller881578129-518d00000175be2eeab60a20b7b9-unadjust_700_700.jpeg.webp?w=640&h=640&cp=1,包邮,￥,260,,,积分专享,￥null,1
491,【李彩煐_ISAB猫粮生产部】STAYC - OFFICIAL LIGHT STICK【全款直邮】,https://si.geilicdn.com/pcitem901564789785-7446000001813cc76f330a20e273_1600_1600.jpg.webp?w=640&h=640&cp=1,,￥,234,,,积分专享,￥null,1
492,ROCKET PUNCH - OFFICIAL LIGHT STICK【全款直邮】,https://si.geilicdn.com/pcitem901564789785-3a9e00000185a4b11c9e0a23132e_1000_1000.jpg.webp?w=640&h=640&cp=1,,￥,206,,,积分专享,￥null,1
493,【韩国现货】EXO 手灯充电宝 可连手灯官方正品 现货发直邮,https://si.geilicdn.com/wdseller881578129-311e0000017753bbd5c80a20b7b9_700_700.jpg.webp?w=640&h=640&cp=1,,￥,115,,,积分专享,￥null,1
494,【韩国现货】 GOT7-2020夏日周边,https://si.geilicdn.com/pcitem881578129-145b0000017795e82dce0a217216_1453_4096.jpg.webp?w=640&h=640&cp=1,,￥,38,,,积分专享,￥null,1
495,【11.11更新】解封区 虚拟单号转真实单号查询链接【仅限已发货商品】,https://si.geilicdn.com/pcitem901564789785-2367000001808f5e432f0a207569_1081_1081.jpg.webp?w=640&h=640&cp=1,,￥,999999,,,积分专享,￥null,
496,SJ 15周年写真【现货】,https://si.geilicdn.com/pcitem881578129-4f04000001781acadd240a21c2a7_450_450.jpg.webp?w=640&h=640&cp=1,库存紧张,￥,599,,,积分专享,￥null,
497, INFINITE - OFFICIAL LIGHT STICK infinite 官方手灯【韩国现货包直邮】,https://si.geilicdn.com/wdseller881578129-2f1300000175bcc099ae0a20b7b9-unadjust_500_500.jpeg.webp?w=640&h=640&cp=1,库存紧张 包邮,￥,265,,,积分专享,￥null,
498,SF9 官方手灯 荧光棒 二代 ver.2  黑色【全款直邮】,https://si.geilicdn.com/img-175d0000017da200aeb90a2104c1-unadjust_160_160.png,,￥,228,,,积分专享,￥null,1
499,【3.6截止/AM签售特典】Cherry Bullet - 迷你3辑 [Cherry Dash]【全款直邮】,https://si.geilicdn.com/img-175d0000017da200aeb90a2104c1-unadjust_160_160.png,新品,￥,91,,,积分专享,￥null,
500,【韩国现货】GOT7 - 2020 SUMMER STORE,https://si.geilicdn.com/img-175d0000017da200aeb90a2104c1-unadjust_160_160.png,,￥,16,,,积分专享,￥null,
501,LE SSERAFIM - ANTIFRAGILE (2nd 迷你专辑）【全款直邮】,https://si.geilicdn.com/img-175d0000017da200aeb90a2104c1-unadjust_160_160.png,,￥,46,,,积分专享,￥null,2700
502,RED VELVET - SUMMER MAGIC 【团封】【全款直邮】,https://si.geilicdn.com/img-175d0000017da200aeb90a2104c1-unadjust_160_160.png,,￥,83,,,积分专享,￥null,2034
503,【暂时无发货时间】STRAY KIDS 手灯 迷路灯【全款直邮】,https://si.geilicdn.com/img-175d0000017da200aeb90a2104c1-unadjust_160_160.png,,￥,215,,,积分专享,￥null,1600
504,【全款直邮】BLACKPINK朴彩英 Rosé First Single Album -R-,https://si.geilicdn.com/img-175d0000017da200aeb90a2104c1-unadjust_160_160.png,,￥,77,,,积分专享,￥null,1183
505,【3.1截止/咖啡签售特典】NMIXX - expérgo （普通版）【全款直邮】,https://si.geilicdn.com/img-175d0000017da200aeb90a2104c1-unadjust_160_160.png,新品,￥,78,,,积分专享,￥null,900
506,【吴海媛_HaeWoniverse/联合活动/everline/WM/JYP/SW特典】NMIXX - 1st EP expérgo 一般盘【全款直邮】】,https://si.geilicdn.com/img-175d0000017da200aeb90a2104c1-unadjust_160_160.png,,￥,140,,,积分专享,￥null,800
507,涩琪- 28 Reasons (1st 迷你专辑)【全款直邮】,https://si.geilicdn.com/img-175d0000017da200aeb90a2104c1-unadjust_160_160.png,,￥,72,,,积分专享,￥null,766
508,【2.18截止】TXT 2023 DECO KIT【全款直邮】,https://si.geilicdn.com/img-175d0000017da200aeb90a2104c1-unadjust_160_160.png,,￥,139,,,积分专享,￥null,720
509,WAYV - PHANTOM (4TH 迷你专辑)【全款直邮】,https://si.geilicdn.com/img-175d0000017da200aeb90a2104c1-unadjust_160_160.png,,￥,75,,,积分专享,￥null,691
510,BTS Official Light Stick Special Edition【全款直邮】,https://si.geilicdn.com/img-175d0000017da200aeb90a2104c1-unadjust_160_160.png,,￥,235,,,积分专享,￥null,570
511,TWICE - Official Light Stick 2.0【全款直邮】 ,https://si.geilicdn.com/img-175d0000017da200aeb90a2104c1-unadjust_160_160.png,,￥,230,,,积分专享,￥null,506
512,【姜太显_AllForTAEHYUN】TXT - Official Light Stick 馍仙棒【全款直邮】,https://si.geilicdn.com/img-175d0000017da200aeb90a2104c1-unadjust_160_160.png,新品,￥,236,,,积分专享,￥null,500
513,NCT DREAM - 冬季特别专辑 CANDY(Special Ver.)初回限定盘【全款直邮】,https://si.geilicdn.com/img-175d0000017da200aeb90a2104c1-unadjust_160_160.png,,￥,96,,,积分专享,￥null,473
514,ITZY 手灯 LIGHT RING 【全款直邮】【无卡】,https://si.geilicdn.com/img-175d0000017da200aeb90a2104c1-unadjust_160_160.png,,￥,255,,,积分专享,￥null,465
515,XIUMIN - BRAND NEW (1ST 迷你专辑)【全款直邮】,https://si.geilicdn.com/img-175d0000017da200aeb90a2104c1-unadjust_160_160.png,,￥,48,,,积分专享,￥null,456
516,【3.3截止/everline签售特典】YENA - 1ST SINGLE ALBUM [Love War]【全款直邮】,https://si.geilicdn.com/img-175d0000017da200aeb90a2104c1-unadjust_160_160.png,新品,￥,90,,,积分专享,￥null,438
517,【2.27截止/AM签售特典】YENA - 1ST SINGLE ALBUM [Love War]【全款直邮】,https://si.geilicdn.com/img-175d0000017da200aeb90a2104c1-unadjust_160_160.png,新品,￥,78,,,积分专享,￥null,438
518,【4.26截止/K4/DMM特典】美延（ (G)I-DLE）- MY (1ST 迷你专辑)【全款直邮】,https://si.geilicdn.com/img-175d0000017da200aeb90a2104c1-unadjust_160_160.png,,￥,72,,,积分专享,￥null,424
519,NCT 127 - 4辑 [2 Baddies] 【全款直邮】,https://si.geilicdn.com/img-175d0000017da200aeb90a2104c1-unadjust_160_160.png,,￥,72,,,积分专享,￥null,321
